Domaine,Millésime,Appellation,Désignation,Cru,Type,Région,Cépage principal,Début apogée,Fin apogée,Note,Prix achat,Lieu Achat,Date Achat,Nombre,CA Connu,Date dégustation,Ma Note,Commentaire
Cave de Ribeauville,2003,Alsace Pinot Gris,Tokay Pinot gris de Bergheim,,Blanc,Alsace,Pinot Gris,2007,2008,3/5,,Cadeau Faz,16/02/2022,0,,18/06/2023,3,"Tout seul pour avancer la cave vu que je suis seul a aimer ce type de vin. Plus très fruité, plutôt sur le miel. C'est pas mal mais pas à ouvrir avec Cécile ou des amis"
Bodegas Faustino,2008,Rioja Gran Reserva,,,Rouge,Rioja,Tempranillo,2009,2013,2/5,,Espagne,01/09/2018,0,,11/11/2022,"4,5","Avec Mika/Marine/Nico/Cécile, soirée oenologie. Très bon avec roti de boeuf. Pas grande longueur en bouche mais très bon nez et goût fruité. Carafé. Mika l'a préféré à son vin"
Cave de Ribeauville,2002,Alsace Grand Cru,Tokay Pinot gros 'Gloeckelberg',Grand cru,Blanc,Alsace,Pinot Gris,2004,2014,2/5,,Cadeau Faz,16/02/2022,0,0,12/01/2024,"3,5","Pendant que Cécile était en Italie, puis ensuite proposé à Nico et Vangélis. Correct car un peu acide et un peu miel. Ca passe bien à l'apéro"
Domaine Eugène Meyer,2005,Alsace Grand Cru,Spiegel Vendanges Tardives,Grand cru,Blanc moelleux,Alsace,Riesling,2007,2015,4/5,,Cadeau Durin,09/05/2023,1,0,,,
Château Cajus,2010,Bordeaux,Fleur de Cajus,,Rouge,Bordeaux,"Merlot, Cabernet Sauvignon, Cabernet Franc",2013,2015,5/5,20,Salon du Bio,11/11/2019,0,,"14/11/2023
20/12/2023","3
3,5","Je trouve qu'il est passé. Mes parents l'ont plutôt bien aimé étrangement.
Tout seul. Il n'a pas tourné comme le précédent. J'aime bien, mais pas exceptionnel non plus."
Fricot Marbella-Dubost,2007,Champagne,M de Marianne,,Blanc effervescent,Champagne,,2009,2017,3/5,21,Marché,15/11/2017,0,,12/10/2019,"3,5",Crémaillère et annonce fillancailles. Un peu déçu car goût un peu trop prononcé donc écoeurant.
Cloas Segransan,2012,Graves de Vayres,,,Rouge,Bordeaux,"Merlot, Cabernet Franc, Cabernet Sauvignon",2013,2017,3/5,"6,5",Marché,17/11/2019,0,,29/10/2020,3,Très correct surtout vu le prix. Le millésime 2014 bu quelques jours après m'a parru avoir un peu plus de longueur
Granducato,2012,Chianti Classico,Riserva,,Rouge,Toscane,"Sangiovese, Canaiolo",2013,2017,3/5,,,14/02/2018,0,,15/02/2019,"4,5",Soirée Oenologie MIka Isa Cécile. Très bon selon tout le monde
Banceilles,2015,Vin de Pays de Corrèze,1001 Pierres - Le champ du clos,Cuvée spéciale,Rouge,Sud Ouest,,2016,2017,4/5,13,Marché,"15/02/2020
21/11/2020",0,,"09/10/2020
28/11/2021","3,5
3,5","Pas mal du tout. J'avais un souvenir d'un vin plus prononcé avec un doute sur le fait que je l'aime. FInalement, il n'est pas si fort que ça en alcool et passe bien
Vin très correct surtout ouvert longtemps avant"
Melini,2013,Chianti Classico,Vigneti La Selvanella,Riserva,Rouge,Toscane,"Sangiovese (Brunello), Canaiolo",2014,2018,4/5,"21,9",Aéroport,19/06/2019,0,,09/08/2019,"2,5","Soirée chez Mika avec Cécile. Trop léger, goût d'eau et rien ne reste en bouche sauf un petit goût amer et astreingeant"
l'Amiral,2013,Minervois,Cuvée Prestige,,Rouge,Languedoc Roussillon,"Grenache, Carignan vieilles vignes",2015,2018,2/5,20,Marché,16/11/2019,0,,31/07/2020,"3,5",Avec Elodie et Ronan. J'ai bien aimé mais j'avais l'impression d'un léger pétillant. Peut-être à laisser décanter avant vu l'année
l'Amiral,2015,Pays d'Oc - Marselan,Le voyage de l'Amiral,,Rouge,Languedoc Roussillon,Marselan,2016,2018,4/5,14,Marché,16/11/2019,0,,02/11/2021,4,Avec Anne-Laure et Greg. Sur des pates à l'arabiata. Goût de figue et fruit confit très prononcé. J'ai aimé. Cécile a adoré. Les invités je ne pense pas
Les Jamelles,2015,Vin de Pays d'Oc,,,Blanc,Languedoc Roussillon,Chardonnay,2016,2018,4/5,,Nicolas,31/12/2017,0,,15/03/2019,3,"Chez moi avec Cécile et Mel. Correct, sans plus"
1001 Pierres,2016,Corrèze,Le Champ du Clos,,Rouge,Sud Ouest,,2017,2018,4/5,"13,5",Producteur,16/02/2025,1,"13,5",,,
Baron de Ley,2014,Rioja,Finca Monasterio,,Rouge,Rioja,Tempranillo,2015,2019,4/5,,Espagne,01/09/2018,1,0,,,
Cloas Segransan,2014,Graves de Vayres,,,Rouge,Bordeaux,"Merlot, Cabernet Franc, Cabernet Sauvignon",2015,2019,3/5,"6,5",Marché,17/11/2019,0,,01/11/2020,"3,5",Un cran au dessus du 2012. Je peux en racheter au marché car vu le prix il est vraiment pas mal. Il peut peut être vieillir encore un peu
Marqués de Caceres,2014,Rioja Reserva,,Grand Reserva,Rouge,Rioja,Tempranillo,2015,2019,4/5,,Aéroport,24/06/2022,0,0,"12/04/2024
01/08/2025","3,5
4","Avec Nico et Vangelis. J'ai bien aimé, mais pas le lendemain malgré le bouchon vide d'air, il semble avoir tourné
Avec Nico et Mika. Correct mais pas fou non plus pour moi. Mais Mika a beaucoup aimé"
Marqués de Riscal,2014,Rioja Reserva,"
","
",Rouge,Rioja,Tempranillo,2015,2019,4/5,,Espagne,01/09/2018,1,0,,,
Domaine de la Clapière,2016,Vin de Pays d'Oc,Jardin de Jules,,Rouge,Languedoc Roussillon,"Syrah, Cabernet Sauvignon, Merlot",2017,2019,4/5,,Nicolas,31/12/2017,0,,25/10/2019,2,Etrange. Acidité trop prononcé et pas de corps. Ne pas racheter.
Luc Faller,2010,Riesling Vendanges Tardives,Cuvée Matthias,"
",Blanc moelleux,Alsace,Riesling,2012,2020,4/5,27,Salon,02/12/2018,0,,31/12/2021,"4,5",Pour le nouvel avec avec Chouch Mag Nico et Cécile. J'ai beaucoup aimé mais je pense être le seul
Batasiolo,2015,Barolo,,Riserva,Rouge,Piémont,Nebbiolo,2016,2020,4/5,"45,5",Aéroport,18/01/2023,0,0,01/08/2025,4,Avec Nico et Mika. Moi j'ai été légèrement déçu mais Mika a beaucoup aimé
Château de Davenay,2014,Montagny,Clos Chaudron,1er cru,Blanc,Bourgogne,Chardonnay,2016,2020,5/5,"11,5",Vente-Privée,25/01/2019,0,,"04/05/2019
02/03/2020
04/08/2021","4
4
3,5","Soirée Mikie, Cécile. Très bon même si une préférence pour le saint aubin
A la maison avec Cécile. Il est puissant mais j'aime vraiment bien, surtout à ce prix
Avec Cécile. Moins aimé que les précédentes fois. Pas mal mais un peu trop sec et pas assez fruité à mon goût/"
Château du Galoupet,2014,Côtes de Provence,Cuvée Equipage,Cru classé,Rouge,Provence,"Syrah, Grenache Noir, Cabernet Sauvignon",2016,2020,4/5,11,Auchan,15/12/2018,0,,"13/04/2019
21/12/2019","4
4","""Crémaillère"" Claire. Vraiment pas mal. Tanique. Chouch a adoré
Soirée chez Jay avec Vaness et Vinvin. Toujours très bien"
Dampt Frères,2015,Petit Chablis,,Vieilles Vignes,Blanc,Bourgogne,Chardonnay,2016,2020,4/5,"9,95",Super U,09/02/2018,0,,"14/02/2019
23/02/2019","3,5
3,5","Saint Valentin. Bon mais avec plus de corps dans mon souvenir
Soirée révélation. Toujours bon"
Santa Margherita,2015,Chianti Classico,,Riserva,Rouge,Toscane,"Sangiovese (Brunello), Canaiolo",2016,2020,4/5,"16,5",Aéroport,19/06/2019,1,"16,5",,,
Famille Perrin,2015,Vinsobres,Les Cornuds,,Rouge,Vallée du Rhône,"Grenache Noir, Syrah, Cinsault",2017,2020,5/5,"9,9",Monoprix,14/01/2018,0,,"01/02/2019
10/02/2019
27/04/2019","3
2,5
2,5","Avec Parents Cécile. Pas mauvais mais un peu trop âpre sur la fin
Brunch Véro/Jay. Toujours pas super. Vin de table
Crémaillère cousin de Cécile. Toujours pas super."
Fournier Pere & Fils,2015,Sancerre,Les Caillottes,,Blanc,Val de Loire et Centre,Sauvignon Blanc,2017,2020,4/5,,Veepee,24/04/2020,0,,24/01/2021,4,Bu avec Mika et Marine à l'apéro. Mika a beaucoup aimé.
Fournier Pere & Fils,2015,Sancerre,La Chaudouillonne,Grande cuvée,Blanc,Val de Loire et Centre,Sauvignon Blanc,2017,2020,4/5,,Veepee,24/04/2020,0,,21/06/2021,4,Avec Jess et Mathieur. Déroutant car boisé mais très bon
l'Amiral,2015,Minervois,Cuvée Prestige,,Rouge,Languedoc Roussillon,"Grenache, Carignan vieilles vignes",2017,2020,4/5,20,Marché,24/05/2020,1,20,,,
Richard Meyran,2015,Bourgogne,,,Blanc,Bourgogne,Chardonnay,2017,2020,4/5,,Suresnes,01/11/2017,0,,19/01/2019,"3,5",Avec Mika. Vin atypique non filtré. Pas mal
Casa Ferreirinha,2017,Douro,Planalto,,Blanc,Vallée de Douro,"Viosinho, Malvasia Fina, Gouveio, Códega, Arinto, Rabigato, Moscatel",2018,2020,,"4,95",Epicerie,10/05/2019,0,,"18/05/2019
09/11/2019","3,5
3,5","Chez Mickie/Alex. Bon vin blanc sec. Meilleur très frais.
Anniv Rafie avec ses copains. Très frais, donc passe bien. Super rapport qualité prix"
Château Lagrézette,2018,Côtes du Lot,Merveille Rocamadour,,Rouge,Sud Ouest,,2019,2020,5/5,"17,1",Vinatis,29/12/2023,1,"17,1",14/01/2024,4,Avec Nico et Vangélis sur saucisse de toulouse et frites au four. On a beaucoup aimé
Château Cajus,2011,Bordeaux Supérieur,Cuvée des Anges,,Rouge,Bordeaux,"Merlot, Cabernet Franc, Cabernet Sauvignon",2013,2021,3/5,14,Salon du Bio,11/11/2019,0,,"28/06/2022
13/04/2023","4
4","Correct. Cécile n'aime pas. Je le trouve assez léger et il ne reste pas trop en bouche mais le goût est bon. Meilleur le lendemain encore
Même avis que la dernière fois"
Château du Galoupet,2015,Côtes de Provence,Cuvée Equipage,Cru classé,Rouge,Provence,"Syrah, Grenache Noir, Cabernet Sauvignon",2017,2021,3/5,"12,5",Auchan FAV,02/10/2019,1,"12,5",09/11/2021,"4,5","J'avais adoré le 2014. J'aime tout autant le 2015. Fruité mais soutenu, un peu boisé. A racheter si on en trouve"
Angelliaume,2015,Chinon,Le Désir de Gérard,,Blanc,Val de Loire et Centre,Chenin blanc,2018,2021,4/5,"15,5",Producteur,01/06/2019,0,,30/06/2022,4,"Bu pour l'anniversaire de Cécile. Jess a beaucoup aimé. Math réticent a aimé aussi. Moi aussi. Rond, épais, goût de beurre"
Bottega,2016,Pinot Grigio,delle Venezie,,Blanc,Toscane,Pinot Gris,2018,2021,5/5,,,14/02/2018,0,,16/03/2019,"3,5",Apéro Cécile et moi. Cécile en a bu des meilleurs. J'ai bien aimé
Domaine de Laplace,2017,Côtes de Duras,Petit Capri,,Rosé,Sud Ouest,"Cabernet Sauvignon, Cabernet Franc, Merlot",2018,2021,,"5,5",Marché,24/05/2020,0,,02/06/2020,2,"Apéro zoom pour l'anniversaire du père de Cécile. Pas d'intérêt, pas très fruité et plutôt amer. Ne pas racheter"
l'Amiral,2016,Minervois,Cuvée Tradition,,Rouge,Languedoc Roussillon,"Syrah, Grenache, Carignan vieilles vignes",2018,2021,4/5,12,Marché,"16/11/2019
24/05/2020",0,,"13/06/2020
15/04/2022","3,5
3,5","En normandie avec Mika et Marine. Pas mal, mais un peu trop sur l'alcool par rapport à mon souvenir au marché. Tester une prochaine fois
Chez Math et Jess. Un peu fort en alcool mais très correct"
Omenaldi,2015,Irouléguy,,,Rouge,Sud Ouest,"Cabernet Franc, Cabernet Sauvignon, Tannat",2018,2021,4/5,,Espelette,01/09/2018,0,0,28/03/2025,,En attente de dégustation ce soir
l'Amiral,2018,Pays d'Oc,Le voyage de l'Amiral,,Rouge,Languedoc Roussillon,Marselan,2019,2021,3/5,14,Marché,24/05/2020,0,0,08/04/2025,"3,5",Tout seul. Très correct. On peu en reprendre
Domaine Casanova,2019,Ile de Beauté,Les vignerons d'Aghione,,Rosé,Corse,,2020,2021,3/5,"5,6",Vinatis,29/05/2021,0,,"01/06/2021
09/07/2021
15/07/2021
14/04/2023","3,5
3,5
3,5
3,5","Bon, mais doit être servi très frais. Sur les agrumes type pamplemousse. Assez déroutant mais très rafraichissant.
Même constat
Même constat
Même constat"
Pierre Trichet,2012,Champagne,L'exception,,Blanc effervescent,Champagne,,2014,2022,4/5,,Producteur,23/02/2019,0,,"08/02/2020
12/02/2023","4,5
4,5","Avec mes parents. Excellent champagne. Le meilleur que j'ai bu de mes différentes bouteilles.
Avec mes parents. Pour l'anniversaire de Roman. On a encore beaucoup aimé"
Château Gigognan,2012,Châteauneuf du Pape,Clos du Roi,,Rouge,Vallée du Rhône,"Grenache Noir, Syrah, Mourvèdre",2015,2022,4/5,"19,99",Monoprix FAV,25/09/2021,0,,09/09/2023,"4,5","Soirée oenologie avec Mika, Claire, Nico Vangélis et Cécile. Très très bon chateauneuf du pape que j'avais carafé avant"
Michel Picard,2012,Saint Aubin,Le Charmois,1er cru,Blanc,Bourgogne,Chardonnay,2015,2022,4/5,19,Vente-Privée,25/01/2019,0,,"15/02/2019
04/08/2019
01/05/2020","4
4
4","Soirée Oenologie Mika Isa Cécile. Bon. Peut encore vieillir un peu
Chez Véro&Jay. Mika et moi avons encore bien aimé. Cécile moins, trop sucré à son goût
Apéro Zoom avec Cécile. Je reste sur ma note. Cécile n'aime toujours pas trop."
Château de Davenay,2014,Rully,Les Rabourcés,1er cru,Blanc,Bourgogne,Chardonnay,2016,2022,5/5,"16,3",Vente-Privée,31/07/2019,0,,"09/08/2019
12/10/2019
10/12/2021","3
3,5
3","Soirée chez Mika avec Cécile. Ressemble au Saint Aubin du même domaine mais ce qui reste en bouche est un petit goût amer
Crémaillère Manu. Pas bu le soir même mais du coup, bu le lendemain et n'a plus le goût amer. Peut être qu'une fois carafé il est bon. Goùt de beurre et de fumée"
André Goichot,2014,Côte de Nuits - Villages,,,Rouge,Bourgogne,Pinot Noir,2017,2022,4/5,13,Vente-Privée,27/01/2018,1,13,"12/04/2019
27/01/2023","3,5
3,5","Soirée Claire Cécile. Claire a bien aimé. Je n'ai pas été super convaincu
Avec Isa, sur un poulet frite. Bonne association car sans manger, il est un peu trop acide à mon goût"
Chamilly,2014,Mercurey,Les Vignes d'Orge,,Rouge,Bourgogne,Pinot Noir,2017,2022,4/5,,Producteur,19/04/2018,0,,19/01/2019,"2,5",Avec MIka. Trop boisé. Pas top
Chamilly,2016,Givry,En Choué,,Blanc,Bourgogne,Chardonnay,2018,2022,4/5,,Producteur,19/04/2018,0,,21/04/2019,3,"Chez Jess et Matthieu. Correct, sans plus"
Château Haut-Gayat,2017,Graves de Vayres,Cuvée Prestige,,Rouge,Bordeaux,"Merlot, Cabernet Franc, Cabernet Sauvignon",2018,2022,3/5,,Cadeau,26/12/2019,0,,23/11/2020,"3,5","Tout seul. Pas mal, même si peu de corps. Peut-être en racheter pour le faire vieillir 5/10 ans de plus car pas cher."
Château Val Joanis,2015,Luberon,Les Griottes,,Rouge,Vallée du Rhône,"Syrah, Grenache Noir",2018,2022,5/5,,Nicolas,31/12/2017,0,,08/01/2020,3,Avec Cécile pour goûter. Correct mais sans plus. Attaque un peu trop. Meilleur que l'autre vin de Vincent
Domaine la Soumade,2017,Rasteau,Cuvée Prestige,,Rouge,Vallée du Rhône,"Grenache Noir, Syrah, Cinsault",2018,2022,4/5,"13,9",Valap,16/01/2020,0,,"07/02/2020
27/11/2020
19/11/2021","3
3,5
3,5","Avec Mika. Je n'ai pas vraiment aimé. Pas mon style, trop alcoolisé. Voir si meilleur en le faisant vieillir car très bien noté. MIka n'a pas aimé. Cécile si
Tout seul. J'ai préféré à la fois précédente
Correct sans plus"
Angelliaume,2018,Chinon,,,Rosé,Val de Loire et Centre,Cabernet Franc,2019,2022,,5,Producteur,01/06/2019,0,,"09/09/2019
13/11/2019","3
3","Avec Cécile. Correct mais rien d'extraordinaire
Pareil"
Château de Beaucastel,2017,Côtes du Rhône,Coudoulet de Beaucastel,,Rouge,Vallée du Rhône,"Grenache Noir, Syrah, Cinsault",2019,2022,4/5,,Nicolas,12/10/2019,0,,07/10/2022,"3,5",Avec Chouch/Mag et Nico. Correct mais manque de corps selon moi
Domaine Ameztia,2017,Irouléguy,,,Blanc,Sud Ouest,"Courbu Blanc, Gros Manseng, Petit Manseng",2019,2022,3/5,,Espelette,01/09/2018,0,0,28/03/2025,,En attente de dégustation ce soir
Domaine Carcenac,2017,Gaillac,Jadis,,Rouge,Sud Ouest,"Fer Servadou, Duras, Syrah",2019,2022,3/5,"10,8",Caviste,05/05/2021,0,,"27/06/2021
04/06/2023","3,5
4","Offert a Désiré. J'en racheterai car je l'aime bien. Je pense qu'il gagnerait à vieillir 2/3 ans encore
Très bon. Avec Michel et Cécile. Avevc un poulet rôti"
Domaine de la Désoucherie,2017,Cheverny,,,Blanc,Val de Loire et Centre,"Sauvignon Blanc, Chardonnay",2019,2022,4/5,"8,5",Nicolas,09/02/2019,0,,"09/02/2019
23/02/2019","2,5
2,5","Avec Mel. Sans plus. Ce n'est pas mon style de vin. Pas assez sec à mon goût
Soirée révélation. Toujours pas top"
Domaine de la Désoucherie,2017,Cour - Cheverny,,,Blanc,Val de Loire et Centre,Romorantin,2019,2022,4/5,"9,5",Nicolas,09/02/2019,0,,16/02/2019,3,Chez Jessie et Mathieu. Meilleur que le Cheverny mais pas convaincu
Domaine de Laplace,2017,Côtes de Duras,Petit Jules,,Rouge,Sud Ouest,"Cabernet Sauvignon, Cabernet Franc, Merlot",2019,2022,3/5,8,Marché,24/05/2020,0,,20/11/2020,3,"Correct mais surtout le lendemain, et avec un plat en sauce (poulet crème champignon)"
Domaine Roche,2017,Cairanne,,,Rouge,Vallée du Rhône,"Grenache Noir, Syrah, Mourvèdre",2019,2022,4/5,"9,9",Valap,19/05/2020,0,0,"29/05/2020
18/01/2021
15/05/2022
08/07/2022
10/02/2024","4
3,5


3
3,5","Chez Véro & Jay. Marquer la note quand on l'aura bue
Tout seul pour retester. Notes de réglisses. Arômes sucrés. Très agréable, il faut aimer le style.
Pour libérer quelques places dans la cave. Bon cairanne mais il faut vraiment aimer le style
Apporté chez Mel et Jey. Pas bu
Pas fan. Je le bois pour vider ma cave
Correct"
Huber-Verdereau,2017,Bourgogne,Pré aux Dames,,Blanc,Bourgogne,Chardonnay,2019,2022,4/5,,,12/10/2019,0,,24/10/2019,3,"Avec Cécile et Claire. Plutôt bon. Sec mais pas minéral, plutôt fruité, sucré. Ne plait pas particulièrement à Cécile"
Jean Bouchard,2017,Chablis Premier cru,,,Blanc,Bourgogne,Chardonnay,2019,2022,4/5,"16,65",Veepee,20/04/2021,0,,"22/10/2021
31/12/2021
24/06/2023","4,5
3,5
4","Super Chablis 1er cru.
Nouvel an avec Chouch Mag Nico et Cécile. Plutôt insignifiant. Je pense qu'il était mal associé avec un risotto aux champignons
Chez Vangélis avec Nico, Cécile et les enfants. On a tous bien aimé"
Les Combes Cachées,2017,Minervois - La Livinière,Cuvée Les 3 écus,,Rouge,Languedoc Roussillon,"Carignan, Cinsault, Mourvèdre",2019,2022,5/5,18,Site Vignerons,20/02/2023,4,72,"01/04/2023
20/07/2023","4
4","Avec Kev et Sarah
Pour l'anniv de Véro avec un barbecue. Bien passé"
Mas Combaréla,2017,Carignan,Les Vieux Mazets,,Rouge,Languedoc Roussillon,Carignan,2019,2022,,20,Salon,23/03/2025,1,20,,,
Michel Girard & Fils,2017,Sancerre,,,Blanc,Val de Loire et Centre,Sauvignon Blanc,2019,2022,4/5,12,Salon,02/12/2018,0,,"13/02/2020
14/03/2020","4
4","Bu avec Cécile. Très bon Sancerre. A racheter au salon s'ils sont présents
Bu avec Nico Marc et Yannick. Tout le monde a aimé"
Stéphane Aviron,2017,Saint Amour,Vieilles Vignes,,Rouge,Beaujolais,Gamay,2019,2022,4/5,"9,9",Valap,26/04/2020,0,,"07/05/2020
14/05/2020
22/05/2020
21/06/2021
09/11/2021
26/03/2022","4
4
4,5
4,5
4,5
4,5","Parfait. Vin assez léger comme un Gamay mais le goût est très agréable et fruité. Cécile aime beaucoup aussi
Très appréciable
Avec Marine et Mika à Pontault-Combault. A fait l'unanimité
Avec Jess et Mathieu chez nous. A encore bien plu
Avec Maxence et Anaïs. Toujours aussi bon et fruité
Avec les parents de Cécile. Il a beaucoup plu"
Surrau,2018,Vermentino di Gallura,Sciala Superiore,,Blanc,Sardaigne,Vermentino,2019,2022,,17,Supermarché,01/09/2019,0,,25/01/2020,"3,5","Soirée raclette avec Claire des bois. Le goût très fruité est super, mais le vin semble pétiller. Peut-être trop jeune, et moins bon que le montagny bu juste avant."
1001 Pierres,2020,Corrèze,Ferrand,,Rouge,Sud Ouest,,2021,2022,5/5,"13,5",Producteur,16/02/2025,1,"13,5",,,
Michel Picard,2013,Saint Aubin,Le Charmois,1er cru,Blanc,Bourgogne,Chardonnay,2016,2023,3/5,"19,9",Vente-Privée,31/07/2019,0,0,"06/10/2021
03/12/2022
27/03/2025","4
4
4","Bon Saint-Aubin. Chardonnay rond
Avec Claire des Bois. Pendant l'apéro. On l'a tous les 3 trouvé très bon
Avec Mika et Marine, toujours au top"
Domaine Rois Mages - Anne-Sophie Debavealere,2015,Rully,Les Cailloux,,Blanc,Bourgogne,Chardonnay,2017,2023,4/5,15,Salon,24/03/2019,0,,"15/09/2019
06/04/2020","4
4","Après-midi console avec Mika. Bien meilleur que le rully acheté sur veepee. Entre 4 et 4,5
Pour apéro anniversaire Jessie, en confinement. Vraiment bien. A racheter"
Jean Perrier,2016,Vin de Savoie - Mondeuse,Cuvée Gastronomie,Vieilles Vignes,Rouge,Savoie et Bugey,Mondeuse,2018,2023,3/5,"9,95",Super U,12/01/2018,0,,"22/12/2019
25/01/2020","3,5
3,5","Avec la belle famille. Très bien. Mais ne reste pas vraiment en bouche. Par contre super rapport qualité/prix
Soirée raclette avec Claire des bois. Vin très particulier, goût de feu de bois. Je le trouve bon. Claire l'a apprécié aussi."
Laurent Martray,2017,Brouilly,Le coeur des feuillées VALAP,Vieilles vignes,Rouge,Beaujolais,Gamay,2018,2023,4/5,"9,9",Valap,04/04/2020,0,,"13/04/2020
25/04/2020
04/05/2020
21/05/2020
12/09/2020
25/07/2021","4
4
4
3,5
4
4","Bon Brouilly. Légèrement acide mais Gamay agréable
Toujours très bien, cette fois ci j'ai l'impression que je l'ai préféré au côté de brouilly car j'ai moins senti l'acidité et l'équilibre est très bon
Egal à lui même
Avec Marine et Mika à Pontault-Combault. Je l'ai trouvé un peu plus amer et surtout aucun commentaire des autres donc peu apprécié
Avec Claire Desbois. Elle a beaucoup aimé. J'ai retrouvé le goût que j'appréciais les premières fois
Bien, comme les premières fois"
Château Bidonnet Laffitte,2018,Bordeaux,Cuvée Linda,,Blanc moelleux,Bordeaux,,2019,2023,3/5,,Cadeau,26/12/2019,0,,02/12/2023,,Pas de note car ramené à l'anniversaire de Jay mais pas ouvert
Château de la Greffière,2018,Mâcon,Mâcon La Roche Vineuse,,Blanc,Bourgogne,Chardonnay,2019,2023,4/5,"9,9",Vinatis,29/05/2021,0,,"16/07/2021
09/11/2021
","3,5
3,5
","Avec Cécile. Vin très rond, pas du tout sur l'acidité. Presque un champagne sans bulle pour ma part, légèrement sucré. Cécile a aimé, mois moins
Avec Maxence et Anaïs. Cécile a encore aimé. Moi toujours pas. Ne pas racheter. Trop sur le beurre
"
Domaine Valéry Renaudat,2017,Reuilly,Le Sentier,,Rouge,Val de Loire et Centre,Pinot Noir,2019,2023,4/5,15,Marché,21/11/2020,0,,06/04/2023,"3,5","Bon petit pinot noir, assez léger"
Dupré Goujon,2017,Côte de Brouilly,,,Rouge,Beaujolais,Gamay,2019,2023,4/5,"14,9",Valap,04/04/2020,0,0,"14/04/2020
27/04/2020
14/12/2021
30/04/2022
26/12/2022
03/05/2024","4,5
4

3
3,5
4,5","Super côté de Brouilly. Je pense qu'il peut vieillir en cave mais nous avons beaucoup aimé
Toujours très bien mais j'ai trouvé une point d'amertume en fin de bouche cette fois-ci. Je baisse donc sa note.

Apéro avec Cécile. Costaud. Pas forcément adapté à du saucisson
Avec Nico. Je crois que nous avons bien aimé
Tout seul. Il est vraiment bon. Fruité mais costaux, Je croyais qu'il n'était pas top mais boire le 2017 en 2024 est la bonne année"
François Weck,2018,Gewürztraminer,,Cuvée prestige,Blanc moelleux,Alsace,Gewurztraminer,2019,2023,4/5,"9,5",Marché,15/02/2020,1,"9,5",,,
François Weck,2018,Gewürztraminer,,Cuvée Annala,Blanc moelleux,Alsace,Gewurztraminer,2019,2023,4/5,17,Marché,15/02/2020,1,17,,,
Vigneron de Buxy,2017,Montagny,Tête de Cuvée,1er cru,Blanc,Bourgogne,Chardonnay,2019,2023,4/5,,,12/10/2019,0,,25/01/2020,4,Soirée raclette avec Claire des bois. Vraiment super. Complexe et devrait pouvoir se garder. A voir si je peux en retrouver d'autre car excellente surprise.
Antoine Sunier,2018,Régnié,,,Rouge,Beaujolais,Gamay,2020,2023,5/5,"14,9",Valap,19/05/2020,0,,"28/05/2020
12/12/2020
20/01/2021
03/02/2021
17/11/2021","4
0
2
3,5
3","J'ai bien aimé. On sent vraiement le gamay du beaujolais. Cécile n'a pas accroché. A voir en vieillissant car il est effectivement jeune
Tout seul. Il avait tourné. Bouteille à jeter
Encore une bouteille avec un bouchon qui casse et un goût très prononcé de champignon. Je n'ai pas trop aimé
Bouteille bien meilleure. Ce n'est pas mon vin préféré car il cogne le crane, mais très correcte. Dommage que deux bouteilles étaient mauvaises
Ne pas en racheter. Vraiment pas mon style de vin"
Domaine de la Désoucherie,2018,Cour - Cheverny,Soléa,,Blanc moelleux,Val de Loire et Centre,Romorantin,2020,2023,4/5,"10,9",Epicerie,08/07/2023,1,"10,9",,,
Domaine Le Mirabeau,2018,Vinsobres,,,Rouge,Vallée du Rhône,"Grenache Noir, Syrah, Cinsault",2020,2023,3/5,"15,5",Salon,23/03/2025,2,31,,,
Domaine Valéry Renaudat,2019,Reuilly,Les Lignis,,Rosé,Val de Loire et Centre,Pinot Noir,2020,2023,,11,Marché,21/11/2020,0,,06/01/2023,2,Sans plus. Cécile n'aime pas
Fournier Pere & Fils,2018,Sancerre,Les Belles Vignes,,Blanc,Val de Loire et Centre,Sauvignon Blanc,2020,2023,2/5,,Veepee,24/04/2020,0,,24/04/2020,4,Bon Sancerre. Rien de particulier mais fait parfaitement le job.
Philippe Tupinier,2018,Côtes d'Auxerre,,,Rosé,Bourgogne,Pinot Noir,2020,2023,,10,Marché,16/11/2019,0,,05/01/2020,"3,5","Avec Cécile. Assez original, je l'avais bien aimé sur le marché, mais cette fois ci j'ai trouvé qu'il avait une pointe d'amertume qui n'était pas exceptionnelle"
Philippe Tupinier,2018,Chablis,,,Blanc,Bourgogne,Chardonnay,2020,2023,4/5,"14
14
14","Marché
Marché
Marché","16/11/2019
15/02/2020
21/11/2020",0,,"22/12/2019
13/03/2020
13/03/2020
11/05/2021
18/05/2021","4
4
4
4
4","Bu avec les parents de Cécile. Bon chablis. Pas agressif.
Toujours bon
Toujours bon
Toujours bon
Toujours bon"
Philippe Tupinier,2018,Côtes d'Auxerre,Cuvée Spéciale,,Rouge,Bourgogne,Pinot Noir,2020,2023,5/5,15,Producteur,20/11/2022,0,,04/12/2022,"3,5",Très correct
Philippe Tupinier,2018,Côtes d'Auxerre,Cuvée Spéciale,,Rouge,Bourgogne,Pinot Noir,2020,2023,5/5,"15,5",Marché,17/09/2023,0,,09/10/2023,"3,5",Cécile a immédiatement beaucoup aimé. Je le trouve très bien aussi mais un peu cher pour un simple côte d'Auxerre
Emilie & Benoit,2020,Bordeaux,Esprit,,Rosé,Bordeaux,"Merlot, Cabernet Sauvignon",2022,2023,,10,Marché,18/11/2021,0,,02/05/2022,1,"Ne pas racheter, pas bon"
Domaine de l'Olivette,2014,Bandol,Cuvée Spéciale,,Rouge,Provence,"Mourvèdre, Grenache Noir, Cinsault",2017,2024,4/5,36,Salon,29/11/2023,2,72,,,
Le Clos Coquimbert,2014,Chinon,,,Rouge,Val de Loire et Centre,Cabernet Franc,2017,2024,4/5,,Producteur,18/07/2020,0,,04/07/2021,"4,5",Super Chinon. Nous aimons beaucoup.Sous bois (cave humide pour Cécile). Encore meilleure lorsqu'il s'est aéré. Millésime top car le 2017 est décevant
Château Rousselle,2014,Côtes de Bourg,,Cru bourgeois,Rouge,Bordeaux,"Merlot, Cabernet Sauvignon, Cabernet Franc",2018,2024,3/5,,Monoprix,10/12/2017,0,,06/12/2023,4,J'aime beaucoup. Ca me fait penser aux vieux bordeaux que je buvais chez Faz
Chamilly,2016,Givry,En Choué,,Rouge,Bourgogne,Pinot Noir,2019,2024,3/5,,Producteur,19/04/2018,0,,25/07/2020,4,Avec Mika et Marine. Très bon Givry. Je n'avais pas aimé le Mercurey de cette maison mais ce Givry est à racheter si on retourne voir les cousins de Cécile
Mas d'Encha,2016,Faugères,L'approche,,Rouge,Languedoc Roussillon,"Cinsault, Carignan, Mourvèdre",2019,2024,4/5,"4,9",Super U,23/12/2017,0,,02/12/2019,"3,5","Tout seul pour goûter. Pruneau et épice. Très correct pour le prix, mais j'aurais mis 3 s'il était plus cher."
Zorah,2017,Karazi,,,Rouge,Arménie,Areni noir,2019,2024,,,Valap,08/08/2019,3,0,"14/09/2019
22/02/2025","4,5
4,5","Avec Mika et Nico soirée Console. Je le trouve excellent. Sucré, sur les fruits noir. On voit que c'est un vin du soleil. Pourra se garder. Très belle découverte
Avec les parents de Cécile qui l'ont trouvé trop fort mais j'ai bien aimé"
Angelliaume,2017,Chinon,,,Blanc,Val de Loire et Centre,Chenin blanc,2020,2024,4/5,"5,5",Producteur,01/06/2019,0,,21/03/2020,"3,5","Meilleur que mon souvenir, et vraiment pas cher. Donc bon rapport qualité prix même si pas un vin exceptionnel. Pointe d'acitité sur la fin"
Batasiolo,2019,Barolo,,,Rouge,Piémont,Nebbiolo,2020,2024,3/5,,Aéroport,22/06/2024,1,0,,,
Caveau Bugiste,2019,Bugey Manicle,Cuvée de Rocailles,,Rouge,Savoie et Bugey,Pinot Noir,2020,2024,3/5,"16,5",Vinatis,18/11/2021,0,,"25/11/2022
30/10/2023","3
3,5","2 offertes à Faz pour Noël
Soirée raclette avec Nico, Claire Cécile. Correct avec la raclette mais sans plus. Je n'en rachèterai pas
Sans rien dans un premier temps, j'ai finalement beaucoup aimé. Puis sur un gratin de chou-fleur aux lardons. Très bien"
Château Ollieux Romanis,2019,Corbières - Boutenac,Atal Sia,,Rouge,Languedoc Roussillon,"Carignan, Grenache Noir, Cinsault",2020,2024,3/5,26,Intercaves,17/05/2023,0,0,23/04/2025,"3,5",Avec Mika et Marine. Correct mais pas trop de longueur en bouche
Minuty,2019,Côtes de Provence,M,,Rosé,Provence,"Grenache Noir, Cinsault, Syrah",2020,2024,,"12,9",Valap,30/06/2020,0,,"31/07/2020
12/08/2020
12/09/2020
04/11/2020
27/05/2022
04/08/2022","4
4
4
4
4
4","Avec Elodie et Ronan. Passe très bien. Par contre je m'attendais à encore mieux vu la réputation
Avec Maxence et Anais. Pareil
Avec Claire Desbois. Pareil
Avec Marion. Pareil
Avec Cécile. Pareil
Avec Cécile. Pareil"
Rémi Jeanniard,2019,Bourgogne Aligoté,Vieilles vignes,,Blanc,Bourgogne,Aligoté,2020,2024,4/5,"9,5",Caviste,05/05/2021,0,,"19/07/2021
05/11/2021
","3,5
3,5
","Bon rapport qualité prix
Idem
"
Bardet & Fils,2019,Chablis,,,Blanc,Bourgogne,Chardonnay,2021,2024,4/5,"11,5",Salon,20/03/2022,0,,"15/04/2022
30/07/2022","3
3","Chez Math et Jess mais on a été assez déçu. Pas top contraiterement à mes souvenirs du salon
Pas noté"
Bardet & Fils,2019,Chablis,Vieilles Vignes,,Blanc,Bourgogne,Chardonnay,2021,2024,4/5,14,Salon,20/03/2022,0,,01/11/2022,4,Avec Tanja. On a bien aimé
Domaine de Milhomme,2020,Beaujolais,Cuvée Le Mûrier,,Rouge,Beaujolais,Gamay,2021,2024,4/5,"8,1",Producteur,20/08/2022,0,0,"14/01/2023
27/03/2024
17/01/2025","4
3,5
3,5","Avec Nico. Vraiment pas mal du tout. Beaucoup de goût.
Tout seul. Vin d'apéro. Fruité léger et pas de longueur en bouche, mais correct
Même avis que précédemment"
Domaine de Milhomme,2020,Beaujolais,1729,,Rouge,Beaujolais,Gamay,2021,2024,4/5,"11,9",Producteur,20/08/2022,6,"71,4",,,
Domaine de Veilloux,2019,Cheverny,Les Veilleurs,,Rouge,Val de Loire et Centre,"Gamay, Pinot Noir",2021,2024,4/5,15,Maison du Vin,08/07/2023,0,0,25/10/2025,4,Avec Papou et Nanou qui ont beaucoup aime
Domaine des Huards,2019,Cheverny,Le Vivier,,Rouge,Val de Loire et Centre,"Gamay, Pinot Noir",2021,2024,4/5,20,Maison du Vin,08/07/2023,0,0,26/10/2025,"2,5",Avec Papou et Nanou qui ne l'ont pas trouvé bon. Moi non plus surtout après Les veilleurs qui était très bien
Domaine du Castellat,2019,Bergerac,Cuvée Victor et Hugo,,Rouge,Sud Ouest,"Cabernet Franc, Cabernet Sauvignon, Merlot",2021,2024,4/5,"7,5",Marché,"21/11/2020
13/02/2021",0,,02/01/2021,"3,5",Très bon rapport qualité prix. Un goût avec du caractère mais peut-être pas assez de longueur en bouche. A racheter pour tester.
Grandes Costes,2019,Languedoc Pic Saint Loup,Les Grandes Costes,,Rouge,Languedoc Roussillon,"Carignan, Cinsault, Grenache Noir",2021,2024,3/5,"25,5",Salon,23/11/2022,1,"25,5",,,
Mas Combaréla,2019,Carignan,Les Vieux Mazets,,Rouge,Languedoc Roussillon,Carignan,2021,2024,3/5,18,Salon,20/03/2022,1,18,16/10/2024,4,Avec Tichou qui a beaucoup aimé. Moi aussi mais un peu léger en bouche. Il aime les vins un peu confis
Philippe Tupinier,2019,Chardonnay,Vieilles Vignes,,Blanc,Bourgogne,Chardonnay,2021,2024,3/5,,Marché,01/03/2021,0,,08/05/2021,"3,5",Bon chardonnay
Philippe Tupinier,2019,Chardonnay,Vieilles Vignes,,Blanc,Bourgogne,Chardonnay,2021,2024,4/5,15,Marché,22/09/2024,0,0,"23/11/2024
29/03/2025","3,5","Amenée chez Véro & Jay
Pour Cécile qui n'aimait pas l'Irouleguy"
Château Haut-Tellas,2021,Entre Deux Mers,Fûts de Chêne,,Blanc,Bordeaux,"Sauvignon Blanc, Semillon, Muscadelle",2022,2024,4/5,22,Marché,22/09/2024,0,0,26/07/2025,"3,5",J'aime bien mais je trouve que 22€ c'est trop cher. A 15 ce serait correct
Gérard Bertrand,2021,Pays d'Oc,Gris Blanc,,Rosé,Languedoc Roussillon,,2022,2024,,,Cadeau Marion,24/07/2022,0,,29/07/2022,4,Je ne sais plus mais Cécile l'avait trouvé bon au mariage
l'Amiral,2021,Pays d'Oc,Le voyage de l'Amiral,,Rouge,Languedoc Roussillon,Marselan,2022,2024,,14,Marché,19/11/2023,1,14,,,
Neil Becede Vigneron,2021,Entre Deux Mers,OVOID Pirate,,Blanc,Bordeaux,"Sauvignon Blanc, Semillon, Muscadelle",2022,2024,4/5,26,Marché,22/09/2024,1,26,,,
Chateau Haut-Plantade,2013,Pessac - Léognan,,,Blanc,Bordeaux,Sauvignon Blanc - Sémillon,2015,2025,2/5,,Cadeau Faz,25/12/2020,0,0,22/03/2024,1,Tout seul. Pas intéressant car sûrement dépassé. Alcool semble évaporé et aucune longueur en bouche
Clos de los Siete,2015,Mendoza,,,Rouge,"Mendoza, Argentine",,2016,2025,3/5,"12,9",Valap,26/08/2021,3,"38,7","02/10/2021
27/12/2022
24/01/2023","4
4
4","Vin du soleil puissant en alcool mais pas tant que ça en goût. Assez sucré comme les vins ensoleillé. Bien aimé
Toujours très bien
Avec Nico. Sur une fondue savoyarde. Très bien. Nico a aussi aimé ce style de vin"
Château Haut-Tellas,2015,Côtes de Bordeaux,,,Rouge,Bordeaux,"Cabernet Sauvignon, Cabernet Franc, Merlot",2017,2025,4/5,17,Marché,15/02/2020,0,,03/09/2023,"3,5","Avec Nico et Vangélis/ Carafé avant, plutôt bon mais assez puissant et boisé"
Château Haut-Tellas,2015,Bordeaux Supérieur,,,Rouge,Bordeaux,"Merlot, Cabernet Franc, Cabernet Sauvignon",2017,2025,4/5,16,Marché,20/11/2022,0,0,"03/05/2022
30/08/2025","4
4","Tout seul pour gouter. Vraiment pas mal. Je pense en racheter si je les retrouve au marché des producteurs. Bon petit bordeaux supérieur
Vraiment bien"
Château Lézin,2015,Bordeaux supérieur,,,Rouge,Bordeaux,"Merlot, Cabernet Franc, Cabernet Sauvignon",2017,2025,4/5,"5,6",Super U,12/01/2018,0,,"06/08/2019
12/10/2019
22/10/2019
29/12/2020","2
2
3,5
3","Tout seul pour gouter. Pas terrible. Vin de table et trop alcoolisé. Meilleur 2 jours arpès
Crémaillère Manu. Toujour le même avis
Bizarrement, pas si fort. En utilisant l'aérateur de vin. Et en mageant flageolets et escalope de veau. Le fromage aussi allait avec mais le yahourt myrtille pas du tout
Finalement, assez alcoolisé et pas très agréable. Ne pas racheter"
Fahrer-Ackermann,2015,Gewurztraminer Vendanges Tardives,,"
",Blanc moelleux,Alsace,Gewurztraminer,2017,2025,2/5,"16,8",Salon,02/12/2018,0,,08/02/2019,"4,5",Très bon. A racheter. Reste bien en bouche et n'est pas trop sucré comme certains moelleux
Pierre Trichet,2015,Champagne,L'exception,,Blanc effervescent,Champagne,,2017,2025,5/5,,Producteur,17/07/2022,1,0,,,
Couly-Dutheil,2015,Chinon,Clos de l'Echo,,Rouge,Val de Loire et Centre,Cabernet Franc,2018,2025,4/5,,Nicolas,12/10/2019,0,0,04/10/2025,4,"Avec Chouch et Mag car chouch me l'avait offert à la crémaillère de rue Taine. Très bien, plutôt costaud. J'ai beaucoup aimé et Chouch aussi"
Fournier Pere & Fils,2015,Pouilly Fumé,Grande cuvée,,Blanc,Val de Loire et Centre,Sauvignon Blanc,2018,2025,4/5,,Veepee,24/04/2020,0,,27/10/2021,5,Excellent Pouilly fumé bu avec Chouch et Mag
La Presidente,2015,Châteauneuf du Pape,Lucrèce,,Rouge,Vallée du Rhône,"Grenache Noir, Syrah, Mourvèdre",2018,2025,5/5,16,Vente-Privée,12/04/2018,1,16,"15/06/2019
02/05/2020","0
3,5","Chez Claire pour anniv Fabien. Vin affreux, que sur l'alcool. On ne l'a pas bu
Carafé 2h avant. Rien à voir avec l'autre bouteille. Vin correct, mais pas trop de longueur pour un Châteauneuf. Attendre pour la dernière bouteille"
Le Clos Coquimbert,2015,Chinon,,,Rouge,Val de Loire et Centre,Cabernet Franc,2018,2025,4/5,,Producteur,18/07/2020,0,,03/06/2023,"3,5","Avec Michel. On l'a pris avec une bavette. Très correct mais un cran en dessous du 2014, et plusieurs crans au dessus du 2017"
Vidal Fleury,2015,Châteauneuf du Pape,,,Rouge,Vallée du Rhône,"Grenache Noir, Syrah, Mourvèdre",2018,2025,5/5,24,Vente-Privée,11/03/2019,1,24,"10/12/2019
27/01/2024","4,5
3,5","Pour tester, avec Cécile. Très prometteur. Déjà très bon alors que juste aéré avec l'aérateur manuel et manger avec un plat non adapté : riz crevette sauce coco
Au ski avec les mecs. Correct mais pas le meilleur Châteauneuf que j'ai pu boire. Peu de longueur en bouche"
Frédéric Magnien,2015,Chablis Premier cru,Mont de Milieu,,Blanc,Bourgogne,Chardonnay,2019,2025,4/5,"20,5",Vente-Privée,16/06/2019,0,,"27/09/2019
31/05/2020
26/12/2022","2,5
3,5
4","Vraiment sans plus. Trop cher pour ce que c'est. Très acide, peut être trop jeune. On verra dans quelques années.
Meilleur que la dernière fois. Avec les voisins du dessus sur la terrasse. Garder la dernière pour dans quelques années.
Avec Nico. On a bien aimé"
Hamet-Spay,2017,Moulin à Vent,Les Terres Rouges,,Rouge,Beaujolais,Gamay,2019,2025,4/5,12,Salon,02/12/2018,0,,"18/05/2019
26/01/2020","4
3,5","Chez Mickie/Alex. Très bon, assez fruité et léger. Légèrement astringeant.
Chez nous avec Jessie. Plutôt bon, mais une amertume peu agréable sur la fin. Je pense qu'il gagnerait à vieillir un peu"
Jean Bouchard,2017,Savigny-les-Beaune,,,Blanc,Bourgogne,Chardonnay,2020,2025,4/5,"21,45",Veepee,20/04/2021,1,"21,45",23/07/2021,4,"Soirée Oenologie à Garches. Très bon. Chardonnay rond, avec du corps, mais dans l'acidité contrairement au Chassagne de Mika qui était boisé"
Vieille Fontaine,2017,Mercurey,Les Crêts,1er cru,Rouge,Bourgogne,Pinot Noir,2020,2025,3/5,23,Salon,02/12/2018,0,,"08/05/2020
31/12/2021","4
4","Chez Marine avec Mika suite déconfinement. J'ai beaucoup aimé. Léger comme un pinot noir mais très agréable en bouche. Apprécié de Mika, Marine préfère Lalande
Nouvel an avec Chouch Mag Nico et Cécile. Il a fait l'unanimité. Je l'ai trouvé un poil trop acide personnellement"
Borsao Bodegas,2020,Campo de Borja,Campo Castillo,,Rouge,Aragon,,2021,2025,,"5,99",Valap,26/08/2021,0,0,"29/10/2021
21/12/2021
22/03/2022
06/06/2023
02/12/2024
28/02/2024","3,5
3,5
4
3,5
3
3","Tout seul pour goûter. Bon vin du sud, mais assez léger. Très correct pour le prix.
Je mets une meilleure note car Cécile a beaucoup aimé. Moi je trouve le rapport qualité prix très bien, mais je n'aime pas trop les vins du sud trop sucrés
Très correct. Bon rapport qualité prix
Pour l'anniversaire de Jay. N'a pas fait l'unanimité
Pour finir"
Château Sainte Roseline,2019,Côtes de Provence,Lampe de Méduse,Cru Classé,Rouge,Provence,"Syrah, Grenache Noir, Cabernet Sauvignon",2021,2025,3/5,"15,9",Vinatis,29/12/2023,2,"31,8",,,
Alphonse Mellot,2020,Sancerre,Valap,,Blanc,Val de Loire et Centre,Sauvignon,2022,2025,4/5,"19,95",Valap,12/11/2021,0,,"24/11/2021
27/03/2022
01/11/2022
12/11/2022
19/12/2022
24/11/2023","4
3,5
4
4
4
4","Avec Nico. Très bon, mais je m'attendais à quelque chose d'exceptionnel. Sancerre classique donc un peu cher 
Avec les beaux parents. Il n'est pas franchement super pour le prix
Avec Tanja. On a bien aimé
Avec Tanja et la maman de Mathilde. On a bien aimé
Avec Cécile pour l'apéritif
Avec Cécile. Toujours très bon"
Château Moulin Favre,2020,Saint Amour,,,Rouge,Beaujolais,Gamay,2022,2025,4/5,10,Salon,01/12/2021,1,10,10/05/2023,"3,5",Avec Maxence et Anaïs. Pas mal sur un poulet rôti
Domaine Carcenac,2020,Gaillac,Jadis,,Rouge,Sud Ouest,"Fer Servadou, Duras, Syrah",2022,2025,5/5,"11,6",Caviste,24/06/2023,1,"11,6",,,
Domaine de Milhomme,2021,Beaujolais,Or Blanc,,Blanc,Beaujolais,Chardonnay,2022,2025,3/5,"8,5",Producteur,20/08/2022,0,,"14/10/2022
31/10/2022","3,5
3","Avec Cécile. Très correct
Avec Tanja. Pas de goût mais avec des glaçons car pas frais. Sans glâçon il y avait du goût mais chaud."
Domaine de Milhomme,2021,Beaujolais,Vigne Centenaire,,Rouge,Beaujolais,Gamay,2022,2025,4/5,"9,6",Producteur,20/08/2022,1,"9,6",,,
Domaine de Montcy,2020,Cheverny,Louis de la Saussaye,,Rouge,Val de Loire et Centre,"Gamay, Pinot Noir",2022,2025,4/5,"17,8",Maison du Vin,08/07/2023,1,"17,8",,,
Domaine de Montcy,2020,Cheverny,Clos des Cendres,,Blanc,Val de Loire et Centre,"Sauvignon Blanc, Chardonnay",2022,2025,4/5,"17,8",Maison du Vin,08/07/2023,0,0,"04/04/2025
19/09/2025","3,5
4","Avec Cécile. J'aime bien mais on a eu mal au crane tous les deux le lendemain. A voir avec la deuxième bouteille
Avec Anne et Guillaume, les parents de Paul. Très bien"
Domaine des Darrèzes,2020,Saint Amour,Cuvée Soline,,Rouge,Beaujolais,Gamay,2022,2025,4/5,14,Salon,23/03/2025,0,0,"16/05/2025
31/05/2025","3
-","Avec Cécile. Pas terrible, un peu meilleur le lendemain
Ramené mais pas bu à la finale de champions league chez Vangelis"
Jeff Carrel,2020,Languedoc,Les Darons,,Rouge,Languedoc Roussillon,"Cinsault, Carignan, Mourvèdre",2022,2025,4/5,"6,99",Vinatis,16/02/2022,0,0,"13/03/2022
14/07/2022
09/12/2022
15/10/2023
07/11/2023
08/03/2024","4
3,5
3,5
3,5
3,5
3,5","Avec Faz et Moz à l'appart. Très bien avec côte de porc petits pois
Tout seul pour me faire un petit plaisir. Peut-être un peu costaud quand même
Je n'avais pas trop de nez, car enrhumé, mais Cécile a bien aimé
Avec Nico, Vangélis et Cécile pendant le quart de finale de Rugby
Tout seul. Assez fruité mais costaud. J'aime bien
Pour finir"
l'Amiral,2020,Minervois,Cuvée Prestige,,Rouge,Languedoc Roussillon,"Grenache, Carignan vieilles vignes",2022,2025,4/5,22,Marché,20/11/2022,1,22,,,
l'Amiral,2020,Minervois,Cuvée Tradition,,Rouge,Languedoc Roussillon,"Grenache, Carignan vieilles vignes",2022,2025,4/5,14,Marché,19/11/2023,1,14,,,
La Meulière,2020,Chablis,Les Larmes de l'Oubli,,Blanc,Bourgogne,Chardonnay,2022,2025,5/5,23,Salon,23/03/2025,1,23,01/08/2025,4,Avec Nico et Mika. J'ai aimé. Cécile non car trop boisé pour elle. Nico et Mika préfèrent aussi quand c'est moins boisé.
Laurent Pasquier,2020,Cheverny,La Charmoise,Cuvée Prestige,Rouge,Val de Loire et Centre,"Gamay, Pinot Noir",2022,2025,4/5,"8,5",Epicerie,08/07/2023,0,,03/10/2023,4,"Avec les parents de Cécile. Très sympa, léger, goût de framboise pour Cécile et pour ma part, un peu poivré sur la fin"
Luc Percher,2020,Cheverny,L'Epicourchois,,Rouge,Val de Loire et Centre,"Gamay, Pinot Noir",2022,2025,4/5,"18,6",Maison du Vin,08/07/2023,1,"18,6",,,
Masso Antico,2020,Salento,Il Potere,,Rouge,Pouilles,,2022,2025,3/5,22,Traiteur,18/03/2023,0,,30/09/2023,"3,5","Apéro Nico Vangélis Séverine et Cécile. Correct mais déçu par rapport à mon souvenir. Un peu trop sucré, et une légère amertume dont je ne me souvenais plus"
Michel Girard & Fils,2020,Sancerre,Grain d'Amphore,,Blanc,Val de Loire et Centre,Sauvignon Blanc,2022,2025,4/5,21,Salon,23/11/2022,0,,09/09/2023,"4,5","Soirée oenologie avec Mika, Claire, Nico, Vangélis et Cécile. Super Sancerre qui a plu à l'unanimité"
Muzic,2020,Pinot Grigio,,,Blanc,Toscane,Pinot Gris,2022,2025,4/5,"12,9",Boutique,28/02/2022,0,0,24/02/2025,"3,5",Avec Cécile. Bon Pinot Grigio
Ogier,2020,Ventoux,Les Bergeaux,,Rouge,Vallée du Rhône,"Grenache Noir, Syrah, Carignan",2022,2025,4/5,"7,5",Nicolas,17/09/2022,0,,03/03/2023,"2,5","Tout seul pour goûter. Pas top, et semble léger malgré ses 15%"
Philippe Tupinier,2020,Chablis,,,Blanc,Bourgogne,Chardonnay,2022,2025,4/5,16,Marché,17/09/2023,0,,08/12/2023,"3,5",Très correct. Avec Cécile. Peut-être pas le meilleur rapport qualité/prix
Château Haut-Tellas,2022,Entre Deux Mers,Dauphin,,Blanc,Bordeaux,"Sauvignon Blanc, Semillon, Muscadelle",2023,2025,,14,Marché,22/09/2024,0,0,17/05/2025,"3,5",On a bien aimé
l'Amiral,2022,Pays d'Oc,La tournée de l'Amiral,,Rouge,Languedoc Roussillon,Cabernet Sauvignon,2023,2025,,12,Marché,19/11/2023,1,12,,,
Château Haut-Tellas,2016,Côtes de Bordeaux,,,Rouge,Bordeaux,"Cabernet Sauvignon, Cabernet Franc, Merlot",2018,2026,5/5,20,Marché,20/11/2022,0,0,01/10/2025,"2,5","Dommage, il était passé"
Château La Voulte Gasparets,2016,Corbières,,,Rouge,Languedoc Roussillon,"Carignan, Grenache Noir, Cinsault",2018,2026,4/5,6,Monoprix,03/02/2018,0,,"04/09/2019
12/10/2019
10/01/2020
03/04/2020","3
2,5
2,5
3","Passe très bien. Relativement léger mais le goût est correct. Ca n'est quand même pas un grand vin
Crémaillère Manu. Kev lui a trouvé un goût étrange. Il est léger mais c'est vrai qu'un certain parfum assez particulier et surprenant. Pas terrible.
Tout seul pour faire de la place dans la cave. Toujours entre 2,5 et 3. Sans grand intérêt. Ne pas racheter.
Comme le premier essai. C'est correct vu le prix. Mais ne pas racheter"
Château Puisseguin La Rigodrie,2014,Puisseguin - Saint Emilion,,,Rouge,Bordeaux,"Merlot, Cabernet Franc, Cabernet Sauvignon",2018,2026,3/5,"6,95",Super U,23/12/2017,0,,28/09/2021,0,Poubelle. Le vin a tourné
Château Vaugelas,2016,Corbières,Cuvée prestige,,Rouge,Languedoc Roussillon,"Carignan, Grenache Noir, Cinsault",2018,2026,4/5,"5,95",Super U,13/02/2018,0,,"11/09/2019
16/10/2019
03/02/2020","3
3
3","Correct sans plus
Finalement meilleur que la voulte gasparet
Même avis. Je pense que je n'aime pas trop le corbière ou bien que je ne suis pas encore tombé sur une pépite"
Fournier Pere & Fils,2016,Pouilly Fumé,Marnes Kimméridgiennes,,Blanc,Val de Loire et Centre,Sauvignon Blanc,2019,2026,3/5,,Veepee,24/04/2020,0,,17/11/2022,,Avec Isa soirée beaujo nouveau. Vraiment bon et allait parfaitement avec le tartare de saumon
Maison Le Nid,2018,Moulin à Vent,Tradition,,Rouge,Beaujolais,Gamay,2020,2026,5/5,"14,9",Valap,12/11/2021,1,"14,9","24/11/2021
11/12/2021
23/09/2023
25/11/2023
11/09/2024","4
3,5
4
4
4","Avec Nico. Très bon avec une raclette
Correct avec un mont d'or mais pas exceptionnel
Avec Cécile sur un poulet rôti. Très bon, avec des tanins fondus
Chez Chouch et Mag avec un Kebab. J'ai trouvé l'association très bonne
Avec mes parents. Toujours très bon"
Philippe Tupinier,2018,Côtes d'Auxerre,Le Poteau,,Blanc,Bourgogne,Chardonnay,2020,2026,4/5,13,Producteur,20/11/2022,0,,01/12/2022,"3,5",Avec Cécile sur fondue Savoyarde. Correct mais pas forcément à racheter
Philippe Tupinier,2018,Côtes d'Auxerre,Le Poteau,,Blanc,Bourgogne,Chardonnay,2020,2026,4/5,14,Marché,17/09/2023,0,,28/09/2023,"3,5","Avec Cécile, correct mais sans plus. Pas forcément à racheter car trop cher pour la qualité"
Vincent Girardin,2018,Moulin à Vent,Domaine de la Tour du Bief,,Rouge,Beaujolais,Gamay,2020,2026,5/5,"9,7",Auchan FAV,03/10/2020,1,"9,7","10/01/2021
04/06/2021","4
4,5","Pas pris de note au moment de la dégustation, mais je crois me rappeler qu'il valait vraiment le coup, surtout à ce niveau de prix
Bu avec les parents. Ouvert environ 1h avant. Très bon."
Domaine de la Feuillarde,2019,Saint Véran,Maison Rouge Vieilles Vignes,,Blanc,Bourgogne,Chardonnay,2021,2026,4/5,"10,4",Salon,20/03/2022,0,,"26/03/2022
04/12/2022","4
4","Avec les beaux-parents. Vin blanc préféré de Michel qui l'a trouvé en plus particulièrement bon
Avec une fondue. Très bien"
Domaine François Raquillet,2018,Mercurey,Les Carabys,,Rouge,Bourgogne,Pinot Noir,2021,2026,3/5,,Cadeau Marion,23/04/2021,1,0,,,
Domaine Venot,2018,Givry,La Ridette,,Rouge,Bourgogne,Pinot Noir,2021,2026,5/5,,Cadeau Greg,02/11/2021,0,,18/02/2023,"3,5",Avec Nico et Vangélis sur un poulet frite. Bonne association mais un peu trop acide à mon goût
Zorah,2019,Voski,,,Blanc,Arménie,Areni noir,2021,2026,,"25,5",Vinatis,16/02/2022,1,"25,5","17/02/2022
15/07/2023","4
-","Cécile a beaucoup aimé. Personnellement je le trouve très particulier avec des notes de vins cuit ou fruits confits
Offert à Marion et Olivier quand j'ai rencontré Martin"
Les Caves du Louvre,2021,Atelier d'assemblage,Cuvée Cécile 27/11/2022,,Rouge,Languedoc Roussillon,"Grenache, Syrah, Cargignan, Mourvèdre",2022,2026,,19,Caves du Louvre,27/11/2022,1,19,01/08/2025,0,"Avec Nico Mika et Cécile, mais le vin était arrivé au stade de vinaigre"
The Ned,2021,Sauvignon,Vin de Nouvelle Zélande,,Blanc,Marlborough,Sauvignon,2022,2026,,15,Nysa,15/03/2023,0,,14/04/2023,4,"Avec Mika. Très particulier, sur le fruit exotique.J'ai beaucoup aimé mais peut être un peu écoeurant sur la durée"
Valery Renaudat,2020,Reuilly,Le Sentier,,Rouge,Val de Loire et Centre,Pinot Noir,2022,2026,4/5,"17,5",Marché,19/11/2023,0,0,05/05/2024,4,Avec Papou et Nanou. Sur un veau au piment d'espelette. Très bon
Alain Gautheron,2021,Chablis Premier cru,Mont de Milieu,,Blanc,Bourgogne,Chardonnay,2023,2026,3/5,"23,5",Salon,03/12/2023,0,0,"05/04/2025
01/08/2025","4
4","Avec Mehdi. On a beaucoup aimé, mais surtout lui. J'avais un petit regret
Avec Nico Mika et Cécile. Il est très correct mais j'en ai quand même bu des meilleurs"
Castello Monaci,2021,Salento,Coribante,,Rouge,Pouilles,,2023,2026,,"17,5",Traiteur,18/03/2023,1,"17,5",,,
Domaine Fourrey,2021,Chablis Premier cru,Vaillons,,Blanc,Bourgogne,Chardonnay,2023,2026,3/5,21,Salon,23/11/2022,1,21,31/12/2023,4,"Nouvel an en Bourgogne. Très bon Chablis, Mag a notamment adoré"
Marqués de la Concordia,2021,Rueda,Vega de la Reina Verdejo,,Blanc,Castille - Leon,"Verdejo Blanco, Sauvignon Blanc",2023,2026,,,Aéroport,24/06/2022,0,0,13/06/2025,"1,5",Tout seul. J'aime pas du tout à l'ouverture et pas mieux après. Un peu amer et très acide
Matthias et Emile Roblin,2021,Sancerre,Origine,,Blanc,Val de Loire et Centre,Sauvignon Blanc,2023,2026,3/5,"16,5",Valap,14/10/2023,0,0,"20/10/2023
01/11/2023
05/12/2023
19/12/2023
12/10/2024
15/11/2024","4,5
4
4
4
4
4","Avec Nico Vangélis Séverine et Cécilé. J'ai beaucoup aimé. Très agréable, doux mais sec et minéral
Chez Mathieu et Jess. Jess l'a trouvé exceptionnel, Mathieu pas trop. Moi j'ai beaucoup aimé mais un poil moins que la première fois
Avec Mèl
Avec Cécile sur un plateau de fruit de mer. Très bien
Avec Mika, Marine, Nico, Vangelis. Toujours très bon
Avec Claire et Cécile. On a tous bien aimé"
Michel Girard & Fils,2021,Sancerre,Silex,,Blanc,Val de Loire et Centre,Sauvignon Blanc,2023,2026,3/5,"16,9",Salon,23/11/2022,0,0,20/09/2025,4,Pas pris de note mais je me rappelle que j'ai bien aimé
Michel Girard & Fils,2021,Sancerre,,,Blanc,Val de Loire et Centre,Sauvignon Blanc,2023,2026,3/5,"15,2",Salon,29/11/2023,0,0,"07/03/2024
02/05/2025","4
3,5",Avec Mel
Chateau Haut-Plantade,2009,Pessac - Léognan,,,Rouge,Bordeaux,"Cabernet Sauvignon, Merlot, Cabernet Franc",2013,2027,5/5,,Cadeau Faz,25/12/2020,0,,09/09/2023,0,"Soirée oenologie avec Mika, Claire, Nico, Vangélis et Cécile. Malheureusement ce vin avait tourné"
Château Fourcas Dupré,2012,Listrac - Médoc,,,Rouge,Bordeaux,"Cabernet Sauvigon, Merlot, Cabernet Franc",2017,2027,3/5,"16,9",Monoprix FAV,03/10/2020,0,0,"30/09/2022
05/02/2024","3,5
3,5","Tout seul. J'ai bien aimé les notes de sous bois, cuir, comme les bordeaux que j'aime. Tanins présents mais fondus. A voir en carafant un peu avant pour la prochaine
Tout seul"
Château Haut-Tellas,2017,Côtes de Bordeaux,,,Rouge,Bordeaux,"Cabernet Sauvignon, Cabernet Franc, Merlot",2019,2027,4/5,18,Marché,22/09/2024,0,0,03/10/2025,"3,5",Encore bon contrairement au 2016 qui était passé
Domaine des Bouquerries,2017,Chinon,Cuvée Royale,,Rouge,Val de Loire et Centre,Cabernet Franc,2020,2027,,"6,8",Producteur,01/06/2019,0,,"27/02/2020
29/02/2020","3
3","Bu avec Cécile. Se laisse boire, mais aucun corps. Pas désagréable mais très léger et pas un grand vin.
Idem"
Domaine des Bouquerries,2017,Chinon,Cuvée Confidence,,Rouge,Val de Loire et Centre,Cabernet Franc,2020,2027,4/5,14,Producteur,01/06/2019,0,,"22/06/2019
27/03/2019","4
4","Suite déménagement. Très bien pour du Chinon. Pas un grand vin mais ce qu'on attend de lui
Avec les beaux parents"
Fournier Pere & Fils,2017,Pouilly Fumé,Les Deux Cailloux,,Blanc,Val de Loire et Centre,Sauvignon Blanc,2020,2027,4/5,"11,65",Vente-Privée,01/07/2019,0,,"24/01/2020
14/03/2020
01/05/2020","4
4
4","Bu avec Cécile. Très bon pouilly fumé. Je ne suis pas mécontent d'avoir acheté ce vin sur veepee.
Bu avec Nico Marc Yannick. Très bon pouilly fumé, toujours content
Apéro virtuel Mika Marine. Toujours très bien."
Le Clos Coquimbert,2017,Chinon,,,Rouge,Val de Loire et Centre,Cabernet Franc,2020,2027,4/5,,Producteur,18/07/2020,0,,"05/07/2021
05/10/2021
11/11/2021
22/05/2023","2,5
3,5
3
3","Déçu car le 2014 était exceptionnel. Celui-ci n'est pas complexe et n'a pas d'intérêt particulier. Légère acidité qui laisserait penser qu'il peut encore vieillir
Moins déçu que la dernière fois. Il avait plus de goût même si le 2014 est un cran bien au dessus
Avec Guillaume et Kadidja. Correct sans plus. Trop acide
Avec Mathieu. Trop acide pour moi"
Nuiton-Beaunoy,2017,Volnay,,,Rouge,Bourgogne,Pinot Noir,2020,2027,3/5,"22,5",Producteur,29/11/2019,0,,23/09/2022,"4,5",Avec Jean. Très bon. Il a été carafé avant
Nuiton-Beaunoy,2017,Volnay,Les Chanlins,Premier cru,Rouge,Bourgogne,Pinot Noir,2020,2027,3/5,"32,9",Producteur,29/11/2019,0,0,30/03/2025,"4,5",Vraiment très très bon. Avec Elodie et Ronan sur poulet rôti
Fourrey,2017,Chablis Premier cru,Vaillons,,Blanc,Bourgogne,Chardonnay,2021,2027,4/5,13,Salon,02/12/2018,0,,"21/02/2020
31/10/2021","4
4,5","Bu avec Cécile. Vraiment très bon. Gras, avec le goût du chardonnay bien prononcé. Ressemble à un champagne sans bulle presque. A racheter.
Toujours très bon. Bu en amoureux sur un plateau de fruit de mer. Passe très très bien. Sec et bien minéral"
Nuiton-Beaunoy,2019,Maranges,,,Rouge,Bourgogne,Pinot Noir,2021,2027,4/5,"17,3",Domaine,27/05/2023,1,"17,3",17/05/2025,"3,5",Avec les parents de Cécile sur un boeuf bourguignon. Très correct mais je l'ai trouvé un peu trop acide
Domaine de Monthélys,2019,Faugères,Ors de Schiste,,Rouge,Languedoc Roussillon,"Cinsault, Carignan, Mourvèdre",2022,2027,3/5,24,Salon,01/12/2021,1,24,17/03/2024,4,Avec mes parents pour l'annonce de bébé. Très correct. Manque peut être un peu de subtilité mais nous avons bien aimé
Domaine Jean-Paul Paquet & Fils,2020,Saint Véran,Domaine Fussiacus,,Blanc,Bourgogne,Chardonnay,2022,2027,4/5,"11,8",Salon,01/12/2021,0,,"17/12/2021
01/06/2023","4
4",Avec Michel qui l'a trouvé très bon
Pierre-Marie Chermette Vissous,2021,Brouilly,Pierreux,,Rouge,Beaujolais,Gamay,2022,2027,,,Cadeau Marion,24/07/2022,1,0,"08/06/2023
19/09/2023
09/12/2023
24/04/2024
02/06/2024","4
4
3,5
4
4","Avec Nico Vangélis et Cécile. Tout le monde a beaucoup aimé. Avec un gratin de choux fleur, pates et lardons
Avec mes parents sur des pâtes aux lardons. Très bien. Assez léger mais pas trop avec beaucoup de fruit. Mis au frigo un peu de temps avant
Avec Nico en mangeant du jap. Correct mais moins sympa que les dernières fois
Avec Michel. Très bien, toujours un peu poivré et fruité
Avec mes parents"
Terres Secrètes,2020,Saint Véran,Les Cras,,Blanc,Bourgogne,Chardonnay,2022,2027,4/5,"16,3",Domaine,27/05/2023,0,0,"20/11/2023
30/06/2025","3,5
3,5","Avec Cécile. Je n'ai pas pris de note sur le moment mais je crois qu'il était vraiment pas mal
Avec Cécile pour son anniversaire. Très correct mais je préfère Croix de Montceau"
Castel Firmian,2022,Pinot Grigio,Riserva,,Blanc,Toscane,Pinot Gris,2024,2027,4/5,,Boutique,22/06/2024,1,0,,,
Château de la Violette,2022,Roussette de Savoie,,,Blanc,Savoie et Bugey,Roussette,2024,2027,5/5,"9,5",Vinatis,29/12/2023,0,0,"07/01/2023
06/05/2024","2
2","Pas top du tout. Un peu vert
Pour le finir, tout seul"
Domaine des Génaudières,2022,Muscadet - Côteaux de la Loire,La Coulée d'Or - Sur Lie,,Blanc,Val de Loire et Centre,Melon de Bourgogne (Muscadet),2024,2027,,"6,8",Domaine,21/05/2023,0,,"24/07/2023
08/09/2023
11/09/2023","2,5
2,5
2,5","Pour fêter l'enlèvement du stérilet. Trop acide
Tout seul. Sans intérêt, plat et trop acide
Dernier pour prendre l'apéro avec Cécile en mettant des glaçons"
Domaine des Ruaults,2022,Saumur,,,Blanc,Val de Loire et Centre,Chenin,2024,2027,4/5,9,Marché,17/09/2023,0,,06/10/2023,"3,5",Très correct
La Meulière,2022,Chablis Premier cru,Les Gougueys,,Blanc,Bourgogne,Chardonnay,2024,2027,4/5,26,Salon,23/03/2025,2,52,,,
Philippe Tupinier,2022,Chablis,,,Blanc,Bourgogne,Chardonnay,2024,2027,4/5,17,Producteur,16/02/2025,0,0,07/04/2025,3,Correct mais trop cher par rapport à la concurrence
Domaine Jean-Paul Paquet & Fils,2018,Pouilly Vinzelles,Domaine Fussiacus,,Blanc,Bourgogne,Chardonnay,2020,2028,4/5,"14,7",Salon,01/12/2021,0,,"07/10/2022
07/04/2023","3,5
3,5","Avec Chouch/Mag et Nico. Bien
Avec Tanja et Séverine"
Mas Amiel,2018,Côtes du Roussillon Villages,Carerades (MAGNUM),,Rouge,Languedoc Roussillon,"Carignan, Cinsault, Grenache Noir",2020,2028,4/5,30,Leclerc,23/10/2022,1,30,,,
Confrérie du Jurançon,2018,Jurançon,,,Blanc moelleux,Jurançon,"Gros Manseng, Petit Manseng, Courbu Blanc",2021,2028,4/5,,Nicolas,04/01/2020,0,,20/07/2023,3,Pour l'anniv de Véro. Correct sans plus
Domaine des Bouquerries,2018,Chinon,Cuvée Royale,,Rouge,Val de Loire et Centre,Cabernet Franc,2021,2028,,"6,8",Producteur,01/06/2019,0,,"09/06/2019
18/03/2020
28/03/2020","3
3,5","3 cassées dans la cave
Assez amer. Je suis plutôt déçu car je le trouvais meilleur quand je l'avais acheter.
J'étais dur il y a 10 jours. Il passe plutôt bien et vu le prix, on ne pouvait pas attendre mieux"
Domaine Grangier,2018,Saint Joseph,Côtes Granits,,Rouge,Vallée du Rhône,Syrah,2021,2028,4/5,"14,99",Valap,28/01/2021,2,"29,98","29/01/2021
02/05/2021
17/05/2023
26/01/2025","4
4
-
4","Pour goûter. Vraiment très prometteur. Peut-être attendre encore 2/3 ans...
Avec Nico et Manu. Il était bon.
Offert à Jessie et Mathieu
Avec Greg et Anne-Laure. On a bien aimé"
Domaine Raymond Usseglio,2018,Châteauneuf du Pape,Cuvée Impériale,,Rouge,Vallée du Rhône,"Grenache Noir, Syrah, Mourvèdre",2021,2028,4/5,"44,99",Valap,26/08/2021,1,"44,99","23/04/2025
23/04/2025","0
3","Avec Mika et Marine. Bouchonnée
Avec Mika et Marine. Correct mais vu le prix et les avis, nous ne l'avons pas trouvé exceptionnel"
Fournier Pere & Fils,2018,Pouilly Fumé,Les Deux Cailloux,,Blanc,Val de Loire et Centre,Sauvignon Blanc,2021,2028,2/5,,Veepee,24/04/2020,0,,02/11/2021,"3,5","Avec Anne-Laure et Greg. Correct mais sans plus. La grande cuvée était exceptionnel, celui là est très basique"
Luyton Fleury,2018,Saint Joseph,Origine,,Rouge,Vallée du Rhône,Syrah,2021,2028,4/5,25,Salon,01/12/2021,0,0,"24/09/2022
26/01/2024","4,5
4","Avec Delphine. Carafé avant. Très bon et très fruité
Au ski avec les mecs. J'aime toujours bien"
Nicolas Theuriet,2018,Marsannay,,,Rouge,Bourgogne,Pinot Noir,2021,2028,3/5,16,Auchan,11/03/2021,0,0,"31/12/2023
25/08/2024","4
4","Nouvel an en Bourgogne avec les potes. J'ai adoré, Nico aussi. Très fruité, assez suave et quand même puissant
Avec les parents de Cécile. On a tous adoré"
Château Moulin Favre,2020,Moulin à Vent,Cuvée Célina,,Rouge,Beaujolais,Gamay,2022,2028,4/5,12,Salon,01/12/2021,1,12,30/06/2022,"3,5",Bu avec Math et Jess pour l'anniversaire de Cécile. Prometteur mais trop jeune
Domaine Rois Mages,2020,Rully,Les Cailloux,,Blanc,Bourgogne,Chardonnay,2022,2028,4/5,"19,5",Salon,23/11/2022,0,0,"01/04/2023
05/04/2025","4
4","Avec Kev et; Sarah
Avec Mehdi. On a beaucoup aimé"
Domaine Rois Mages,2020,Rully,Clos du Moulin à Vent,,Blanc,Bourgogne,Chardonnay,2022,2028,4/5,21,Salon,29/11/2023,0,0,23/04/2025,"3,5","Avec Mika et Marine, ils ont aimé. Moi aussi mais je préfère l'autre"
La Crimas de Sy,2018,Crozes - Hermitage,,,Rouge,Vallée du Rhône,Syrah,2022,2028,4/5,"13,5",Auchan,12/11/2020,0,,16/02/2022,"4,5","Avec Nico et Cécile, sur un riz cantonnais et brochette poulet citronnelle gingembre. Très bon association et on a tous adoré. Il faudrait en racheter"
Vincent Girardin,2020,Moulin à Vent,Domaine de la Tour du Bief,,Rouge,Beaujolais,Gamay,2022,2028,4/5,"9,7",Auchan FAV,08/09/2022,2,"19,4",,,
Domaine Masse,2020,Givry,La Brûlée,Premier cru,Rouge,Bourgogne,Pinot Noir,2023,2028,4/5,"17,99",Auchan FAV,20/09/2021,1,"17,99",,,
Terres Secrètes,2021,Saint Véran,Croix de Montceau,,Blanc,Bourgogne,Chardonnay,2023,2028,3/5,"14,9",Domaine,27/05/2023,0,0,"22/02/2025
21/03/2025","4
4","Avec les parents de Cécile qui l'ont trouvé extraordinaire
Avec Tanja, toujours très bon"
Jean François Trichard,2023,Mâcon - Chaintré,Domaine des Pierres,,Blanc,Bourgogne,Chardonnay,2024,2028,5/5,"10,5",Salon,27/11/2024,0,0,"13/02/2025
26/04/2025","3
2","Avec Cécile. Déçu le premier jour mais meilleur le second
Chez Math et Jess pour les 40 ans de Math. Ne pas racheter je n'ai pas aimé du tout"
Valery Renaudat,2022,Reuilly,Les Lignis,,Rouge,Val de Loire et Centre,Pinot Noir,2024,2028,5/5,"12,5",Marché,19/11/2023,0,0,22/04/2024,"3,5",Avec Michel
Castel Firmian,2023,Pinot Grigio,Trentino,,Blanc,Toscane,Pinot Gris,2025,2028,,,Boutique,22/06/2024,0,0,27/09/2025,4,Très bien. On adore le Pinot Grigio avec Cécile
Silène des Peyrals,2023,Grès de Montpellier,Mas du Silène,,Rouge,Languedoc Roussillon,"Grenache Noir, Mourvèdre, Syrah",2025,2028,4/5,10,Nicolas,17/11/2024,3,30,,,
Henri de Villamont,2014,Pouilly Fuissé,Grumes d'Or,,Blanc,Bourgogne,Chardonnay,2017,2029,5/5,18,Veepee,28/04/2020,0,,"30/04/2020
23/05/2020
25/11/2022","4,5
4,5
4,5","Rond. Très bon Chardonnay
Week-end avec Marine et Mika à Pontault-Combault. J'aime toujours beaucoup, et mieux que celui acheté en salon
Soirée raclette avec Nico, Claire Cécile. On a tous adoré. Bu à l'apéro"
Château Chasse-Spleen,2014,Moulis en Médoc,L'Oratoire,,Rouge,Bordeaux,"Cabernet Sauvignon, Merlot, Petit Verdot",2018,2029,3/5,,Cadeau Interforum,27/06/2017,1,0,,,
Château Chasse-Spleen,2014,Moulis en Médoc,,,Rouge,Bordeaux,"Cabernet Sauvignon, Merlot, Petit Verdot",2018,2029,3/5,"24,95",Super U,23/12/2017,1,"24,95",,,
Louis Jadot,2014,Aloxe - Corton,,,Rouge,Bourgogne,Pinot Noir,2018,2029,4/5,"36,9",Valap,10/08/2019,1,"36,9","11/08/2019
23/11/2023","3,5
3,5","Bu avec Mika. Trop acide, mais cela s'atténue avec le temps (au moins 2h). Cela reste trop quand même mais belle attaque. A voir dans quelques années
Thanksgiving avec Nico et Vangélis. Correct, mais sans plus avec purée de patate douce orange clou de girofle. Trop banal du coup"
Domaine de Bénéjou,2014,Cahors,,,Rouge,Sud Ouest,"Côt Noir, Merlot, Tannat",2019,2029,3/5,10,Marché,15/02/2020,0,,"05/10/2020
22/12/2020","3,5
3,5","Tout seul. Très correct mais rien d'exceptionnel non plus. Pas énormément de corps mais goût agréable. Bon rapport qualité prix.
Même avis"
Trois Cazelles,2014,Cahors,Expression,,Rouge,Sud Ouest,"Côt Noir, Merlot, Tannat",2019,2029,3/5,,Marché,10/12/2017,0,,03/12/2022,3,Bu avec poulet roti purée choux fleur. Cécile et Claire des Bois l'on trouvé correct. Je ne l'ai pas trop aimé. Un peu mieux avec le poulet mais je m'attendais à mieux
Trois Cazelles,2014,Cahors,Cuvée prestige,,Rouge,Sud Ouest,"Côt Noir, Merlot, Tannat",2019,2029,3/5,,Marché,10/12/2017,0,0,15/01/2024,4,Vraiment pas mal avec des pâtes carbo
Philippe Tupinier,2017,Irancy,Vendanges manuelles,,Rouge,Bourgogne,Pinot Noir,2020,2029,3/5,"14
14","Marché
Marché","16/11/2019
15/02/2020",0,,"14/03/2020
31/10/2022","3,5
3,5","Bu avec Nico Marc et Yannick. Très correct même si relativement léger
Avec les parents de Cécile. Trop vieux car goût de fruits confits. Cécile a aimé, moi pas trop car pas assez léger. Les parents je ne pense pas"
Jeff Carrel,2019,Corbières,Les Herbes Hautes,,Rouge,Languedoc Roussillon,"Carignan, Grenache Noir, Cinsault",2021,2029,3/5,"9,5",Nicolas,17/09/2022,0,,26/11/2022,3,"Pour vider la cave. Très correct. Semble léger malgré 14,5%, fruité, mais pas de longueur en bouche"
Leon Baur,2019,Alsace Riesling,Cuvée Elisabeth Stumpf,,Blanc,Alsace,Riesling,2021,2029,5/5,,Cadeau Faz,12/02/2023,1,0,,,
Cave Saint Désirat,2019,Saint Joseph,,,Rouge,Vallée du Rhône,Syrah,2022,2029,4/5,,Cadeau Jean,22/09/2021,1,0,,,
Domaine FL,2019,Anjou Chenin,Les Bergères,,Blanc,Val de Loire et Centre,Chenin,2022,2029,3/5,16,Caves du Louvre,27/11/2022,0,,14/12/2022,"3,5","Bien. Pétille un peu au début, mas a bien aérer pour chasser le gaz"
Domaine Miramont,2019,Vacqueyras,,,Rouge,Vallée du Rhône,"Grenache Noir, Syrah, Mourvèdre",2022,2029,4/5,,Nicolas,12/03/2022,1,0,,,
Domaine Renaud,2019,Pouilly Fumé,,,Blanc,Val de Loire et Centre,Sauvignon Blanc,2022,2029,3/5,"13,9",Nicolas,24/04/2021,0,,04/06/2021,4,"Bu avec les parents. Très bon Pouilly Fumé, minéral mais quand même bien fruité"
Nuiton-Beaunoy,2019,Volnay,,,Rouge,Bourgogne,Pinot Noir,2022,2029,4/5,"28,3",Domaine,27/05/2023,1,"28,3",,,
Domaine Belle,2019,Crozes - Hermitage,Roche Pierre,,Rouge,Vallée du Rhône,Syrah,2023,2029,4/5,43,Salon,23/11/2022,1,43,,,
Domaine Michelas St Jemms,2019,Crozes - Hermitage,La Chasselière,,Rouge,Vallée du Rhône,Syrah,2023,2029,4/5,22,Salon,20/03/2022,0,,05/02/2023,4,Avec Nico et Cécile sur saumon fumé. Très bon
Domaine Rois Mages,2021,Rully,Les Cailloux,,Blanc,Bourgogne,Chardonnay,2023,2029,3/5,21,Salon,29/11/2023,0,0,19/07/2025,4,Avec les voisins du 5ème
Château de Le Chaize,2023,Brouilly,Moulin Favre,,Rouge,Beaujolais,Gamay,2024,2029,,"14,9",FAV Monoprix,13/09/2025,1,"14,9",,,
Château Latour-Martillac,2012,Pessac - Léognan,,Grand cru classé,Blanc,Bordeaux,"Cabernet Sauvignon, Merlot, Cabernet Franc",2016,2030,3/5,,,12/10/2019,0,,11/11/2022,"4,5",Avec Mika/Marine/Nico/Cécile. Soirée oenologie. Très bon surtout en mangeant thon/saint Moret. Cécile n'aime pas trop. Goût de pêche. Peut-être un poil trop acide ?
Château Saint Eugène,2012,Pessac - Léognan,Martillac,,Rouge,Bordeaux,"Cabernet Sauvignon, Merlot, Cabernet Franc",2016,2030,3/5,15,Salon,24/03/2019,0,,"15/08/2019
12/10/2019",4,"Une bouteille offerte aux parents de Cécile pour remercier de l'accueil en vacances
Crémaillère Manu. Très bon, assez léger mais arômes très agréables."
Château Tour Prignac,2015,Médoc,,,Rouge,Bordeaux,"Merlot, Cabernet Sauvignon, Petit Verdot",2019,2030,4/5,"9,9",Monoprix,24/03/2018,0,,03/09/2021,"2,5",Sans réel intérêt
Château Lestage,2015,Listrac - Médoc,Chêne-Besson,,Rouge,Bordeaux,"Cabernet Sauvignon, Merlot, Cabernet Franc",2020,2030,4/5,"14,3",Nicolas,24/04/2021,0,,"20/01/2023
14/10/2023","3,5
3,5","Promo sinon 17,90 la bouteille. Correct mais peut être laisser la dernière encore quelques années en cave
Correct. Tout seul avec un plat grec"
Trois Cazelles,2015,Cahors,Expression,,Rouge,Sud Ouest,"Côt Noir, Merlot, Tannat",2020,2030,4/5,"15,5",Marché,21/11/2020,0,,11/04/2023,"3,5",Pas noté
Valery Renaudat,2023,Reuilly,Le sentier,,Rouge,Val de Loire et Centre,Pinot Noir,2025,2029,3/5,17,Producteur,17/05/2025,1,17,01/11/2025,4,"Super vin, fruité et pas trop fort. Avec Papou et Nanou qui ont adoré"
Tussock Jumper,2020,Malbec,,,Rouge,"San Juan, Argentine",Malbec,2021,2030,4/5,"5,9",Vinatis,29/05/2021,0,0,17/04/2024,"3,5","Pris pour les vacances. Pas mal surtout pour ce niveau de prix, Avec un poulet rôti et une purée maison"
Domaine Haut Maginiai,2024,Languedoc Pic Saint Loup,Grande Réserve,,Rouge,Languedoc Roussillon,"Carignan, Cinsault, Grenache Noir",2026,2029,4/5,,0,07/09/2025,2,0,,,
La Prieuré,2020,Corbières,,,Rouge,Languedoc Roussillon,"Carignan, Grenache Noir, Cinsault",2022,2030,4/5,,Nicolas,12/03/2022,0,,24/04/2023,"3,5",Pas mal pour un corbière
Philippe Tupinier,2018,Irancy,Vendanges Manuelles,,Rouge,Bourgogne,Pinot Noir,2021,2030,5/5,16,Marché,17/09/2023,1,16,,,
Jean Bouchard,2018,Chassagne - Montrachet,,,Rouge,Bourgogne,Pinot Noir,2022,2030,3/5,"21,95",Veepee,20/04/2021,1,"21,95",16/02/2023,"3,5","Avec Nico et Vangélis sur un veau Orloff. Pas mal comme association, bon vin, mais pas exceptionnel non plus. Légèrement perlé."
Derey Frères,2020,Marsannay,Les Vignes Marie,,Rouge,Bourgogne,Pinot Noir,2023,2030,4/5,24,Salon,23/11/2022,2,48,,,
Domaine Le Martinat,2020,Pécharmant,Cuvée Marguerite,,Rouge,Sud Ouest,"Cabernet Franc, Cabernet Sauvignon, Merlot",2024,2030,5/5,11,Marché,17/09/2023,0,0,31/01/2024,1,Pas bon
Domaine Michelas St Jemms,2020,Crozes - Hermitage,La Chasselière,,Rouge,Vallée du Rhône,Syrah,2024,2030,4/5,22,Salon,20/03/2022,0,,23/11/2023,"3,5",Thanksgiving avec Nico et Vangélis. Correct mais je l'ai trouvé un peu trop agressif à mon goût. Je crois que j'avais préféré le 2019
Mouton Père et Fils,2020,Condrieu,Côte Chatillon,,Blanc,Vallée du Rhône,Viognier,2023,2030,3/5,34,Salon,01/12/2021,1,34,09/09/2023,3,"Soirée oenologie avec Mika Claire Nico Vangélis et Cécile. N'a pas convaincu, un peu amer et le viognier ne semble pas être un cépage apprécié de mes amis"
Château Saint-Cels,2022,Saint Chinian,,,Rouge,Languedoc Roussillon,"Carignan, Cinsault, Syrah",2025,2030,4/5,,,03/06/2024,0,0,01/07/2024,2,De mémoire sans intérêt
Nuiton-Beaunoy,2020,Volnay,Chanlin,Premier cru,Rouge,Bourgogne,Pinot Noir,2023,2030,4/5,"38,25",Domaine,27/05/2023,1,"38,25",,,
Nuiton-Beaunoy,2022,Maranges,,,Rouge,Bourgogne,Pinot Noir,2024,2030,4/5,"18,75",Producteur,07/06/2025,1,"18,75",,,
Nudant,2016,Ladoix,Les Buis,1er cru,Rouge,Bourgogne,Pinot Noir,2019,2031,3/5,27,Salon,02/12/2018,0,,"15/01/2023
26/07/2023","4,5
4,5","Avec Mika et Nico sur un poulet roti frites. On a adoré. Carafé 2h avant.
Avec mes parents qui gardaient Roman. Ils ont beaucoup aimé sur un poulet frite. Carafé avant"
Château La Mouline,2016,Moulis en Médoc,,Cru Bourgeois,Rouge,Bordeaux,"Cabernet Sauvignon, Merlot, Petit Verdot",2020,2031,5/5,19,Salon,24/03/2019,0,0,"15/12/2021
24/01/2025","3,5
3,5","Correct mais léger et pas de longueur en bouche. Ce n'est pas le Moulis en Médoc à racheter
Même avis que précédemment"
Château de Rouffiac,2016,Cahors,La Passion,,Rouge,Sud Ouest,"Malbec, Merlot, Tannat",2021,2031,4/5,12,Salon,20/03/2022,0,,"29/12/2022
12/02/2023",4,"Offert à Mathieu et Jess
Avec les parents sur un rôti de boeuf. Très bon, fruité."
Château Ferrande,2016,Graves,,,Rouge,Bordeaux,"Merlot, Cabernet Sauvignon, Cabernet Franc",2021,2031,5/5,11,Nicolas,03/12/2020,0,0,"20/02/2025
11/05/2025","3,5
3,5","Correct
Tout seul, correct"
Domaine Chanson,2022,Mercurey,,,Rouge,Bourgogne,Pinot Noir,2025,2030,5/5,"29,9",FAV Monoprix,28/09/2025,1,"29,9",,,
Grand Enclos du Château de Cérons,2016,Graves,,,Blanc,Bordeaux,"Sémillon, Sauvignon Blanc, Muscadelle",2021,2031,2/5,"11,9",Valap,19/05/2020,0,,"13/06/2020
14/12/2021
02/04/2022
17/11/2022
07/04/2023
17/05/2023","4,5
4
4
4
4
-","Bu en normandie avec Mika et Marine. J'ai beaucoup aimé. Etonnament, il ressemble à du Chardonnay je trouve. Association fruits de mer pas top top en revanche
Bu avec Mathieu à la maison et très bon
Anniversaire de Claire D.
Avec Isa soirée beaujo nouveau. J'aime toujours bien ce vin blanc mais Cécile non, elle le trouve trop liquoreux. En général elle n'est pas Bordeaux Blanc
Avec Tanja et Séverine
Offert à Jessie et Mathieu"
Trois Cazelles,2016,Cahors,Cuvée prestige,,Rouge,Sud Ouest,"Côt Noir, Merlot, Tannat",2021,2031,4/5,"8,8",Marché,21/11/2020,0,0,14/06/2025,3,Correct mais un peu chaud par cette canicule
Château Jean Faure,2019,Saint Emilion,La Réserve,,Rouge,Bordeaux,"Cabernet Franc, Merlot",2023,2031,4/5,20,Caves du Louvre,27/11/2022,0,0,07/02/2025,4,"Tout seul pour faire tourner la cava. Très correct entre 3,5 et 4"
Domaine Ninot,2022,Mercurey,Les Crêts,Premier cru,Rouge,Bourgogne,Pinot Noir,2025,2030,5/5,35,Salon,29/11/2023,2,70,,,
Terres Secrètes,2023,Saint Véran,Croix de Montceau,,Blanc,Bourgogne,Chardonnay,2025,2030,5/5,"15,1",Producteur,07/06/2025,3,"45,3",25/10/2025,"4,5",Avec Papou et Nanou qui adorent toujours ce Saint Véran
Domaine du Château de Vergisson,2017,Pouilly - Fuissé,Sur la Roche,,Blanc,Bourgogne,Chardonnay,2020,2032,4/5,"17,2",Salon,24/03/2019,0,,"26/03/2020
08/05/2020","4,5
3,5","Bu en apéro virtuel avec Maxence et sa copine. Très bon :)
Chez Marine avec Mika suite confinement. J'ai moins aimé que la fois précédente. Mika et moi avons trouvé un arrière goût amer pas très agréable. Marine a adoré"
Château Lamartine,2016,Cahors,Cuvée Particulière,,Rouge,Sud Ouest,"Malbec, Merlot, Tannat",2021,2031,4/5,"12,9",Valap,26/08/2021,1,"12,9","24/09/2021
24/12/2021
02/04/2021
22/12/2022
15/11/2023","4
4
4
4
4","Tout seul pour me faire un avis. Pas mal, peut encore être gardé un peu.

Anniversaire de Claire D.
Très bien, tanins fondus
Avec mes parents et des spaghettis aux lardons. Je l'ai trouvé très bon. Pas eu de commentaire"
L'Excellence de Germignan,2017,Médoc,,,Rouge,Bordeaux,"Merlot, Cabernet Sauvignon, Petit Verdot",2021,2032,3/5,,Cadeau,26/12/2019,0,,27/04/2021,1,"Pas bon, le goût n'a pas d'intérêt et il ne reste pas en bouche"
Grand Crès,2020,Corbières,Cuvée Majeure,,Rouge,Languedoc Roussillon,"Carignan, Grenache Noir, Cinsault",2022,2031,3/5,,Producteur,05/09/2025,1,0,,,
Cave de Tain,2021,Crozes - Hermitage,Nuit Blanche,,Rouge,Vallée du Rhône,Syrah,2025,2031,3/5,,Cadeau C.Desbois,03/12/2022,1,0,,,
Château Couhins,2014,Pessac - Léognan,La Dame des Couhins,,Rouge,Bordeaux,"Cabernet Sauvignon, Merlot, Cabernet Franc",2018,2032,3/5,,Cadeau Interforum,27/06/2017,1,0,,,
Château Maucaillou,2017,Moulis en Médoc,No. 2 de Maucaillou,,Rouge,Bordeaux,"Cabernet Sauvignon, Merlot, Petit Verdot",2021,2032,3/5,"12,5",Auchan,12/11/2020,1,"12,5",01/10/2023,4,Très bon moulis qui a des tanins fondus et qui est fruité avec une belle longueur en bouche. J'ai beaucoup aimé. A racheter car très bon rapport qualité/prix
Domaine Cheveau,2018,Pouilly Fuissé,Les vieilles vignes,,Blanc,Bourgogne,Chardonnay,2021,2033,4/5,"18,9",Valap,30/06/2020,0,,"25/07/2020
12/08/2020
21/09/2020
07/12/2020
25/11/2022
07/04/2023","4,5
4,5
4,5
4,5
4
4","Avec Mika et Marine. Très bon Pouilly Fuissé. Mérite peut être de vieillir encore un peu
Avec Maxence et Anais. Même avis
Avec Mélissa. Toujours aussi bon
Avec Nico
Soirée raclette avec Nico, Claire Cécile. Je n'en ai pas pris mais il a l'air d'avoir plu. Moins que le grume d'or
Avec Tanja et Séverine"
Domaine de la Feuillarde,2018,Pouilly Fuissé,Vieilles Vignes,,Blanc,Bourgogne,Chardonnay,2021,2033,4/5,"15,3",Salon,20/03/2022,0,,"29/12/2022
29/01/2023","3,5
3,5","Chez Mathieu et Jess. J'ai apprécié
Chez chouch et mag avec un cevice"
Grand Crès,2021,Corbières,Crescendo,,Rouge,Languedoc Roussillon,"Carignan, Grenache Noir, Cinsault",2023,2032,3/5,,Producteur,05/09/2025,1,0,,,
François Weck,2022,Riesling,Cuvée prestige,,Blanc,Alsace,Riesling,2024,2032,5/5,"9,7",Marché,22/09/2024,2,"19,4",,,
Neil Becede Vigneron,2022,Bordeaux Supérieur,L'impertinente Pirate,,Rouge,Bordeaux,"Merlot, Cabernet Franc, Cabernet Sauvignon",2024,2032,5/5,12,Marché,"22/09/2024
18/05/2025",1,12,19/02/2025,4,"Vraiment correct comme on l'avait vendu, c'est à dire Bordeau léger à la manière d'un vin de Loire"
Domaine des Ouches,2018,Bourgueil,Les Perruches,,Rouge,Val de Loire et Centre,"Cabernet Franc, Cabernet Sauvignon",2022,2033,4/5,"8,9",Valap,26/04/2020,0,,"01/05/2020
03/05/2020
07/12/2020
30/07/2021
24/05/2023","4
4
4
4
3,5","Chez nous en confinement
Pour les deux bouteilles, en mai 2020. Passe très bien. Peut-être attendre encore un peu
Avec Nico
Chez Solène et Julien. Passe très bien
Avec Jessie, sur une brandade de Morue. Correct mais une pointe d'amertume peu agréable"
Nuiton-Beaunoy,2022,Volnay,,,Rouge,Bourgogne,Pinot Noir,2025,2032,4/5,"29,15",Producteur,07/06/2025,1,"29,15",,,
Château Sociando-Mallet,2013,Haut Médoc,,,Rouge,Bordeaux,"Cabernet Sauvignon, Merlot, Cabernet Franc",2018,2033,1/5,"24,9",Valap,18/02/2021,6,"149,4",,,CAVE FAZ - POUR RAFAEL
Tardieu-Laurent,2018,Côte Rotie,Les Lauzières,,Rouge,Vallée du Rhône,"Syrah, Viognier",2022,2033,4/5,"27,6",Auchan FAV,03/10/2020,0,,09/09/2023,4,"Soirée oenologie avec Mika, Claire, Nico, Vangélis et Cécile. Vangélis a préféré ce vin. On a bien aimé mais peut être une point d'amer sur la fin que j'aurais aimé ne pas avoir"
Domaine Diconne,2018,Meursault,Les Narvaux,,Blanc,Bourgogne,Chardonnay,2021,2033,4/5,"29,99",Auchan FAV,20/09/2021,1,"29,99",,,
Château Haut-Fonrazade,2009,Saint Emilion Grand cru,Maison Carles,"
",Rouge,Bordeaux,"Merlot, Cabernet Franc, Cabernet Sauvignon",2013,2034,5/5,"16,5",Vente-Privée,18/02/2019,0,0,"23/04/2019

09/06/2019
10/10/2025","4,5
3","Chez Cécile avec ses parents. tanins non astringents. Légère acidité.
Doit pouvoir être gardé 2 ou 3 Ans de plus. Très bon
1 bouteille cassée dans la cave
Tout seul. Très costaud et pas foufou. Sûrement un peu trop vieux car beaucoup de dépôt et bouchon trop sec"
Château Croix de Reverdi,2014,Haut Médoc,,,Rouge,Bordeaux,"Cabernet Sauvignon, Merlot, Cabernet Franc",2019,2034,3/5,"6,95",Super U,23/12/2017,0,,26/09/2021,,Très correct vu le prix mais pas un grand vin non plus
Château Meyre,2014,Haut Médoc,,Cru bourgeois,Rouge,Bordeaux,"Cabernet Sauvignon, Merlot, Cabernet Franc",2019,2034,3/5,"9,99",Monoprix FAV,25/09/2021,0,,08/01/2022,4,Il faut qu'il s'ouvre. Mais très bien avec une entrecote
Chanson,2018,Gevrey - Chambertin,,,Rouge,Bourgogne,Pinot Noir,2022,2033,3/5,"44,99",Valap,14/10/2023,3,"134,97",,,
Domaine des Pierres Meslieres,2019,Coteaux d'Ancenis,Malvoisie,,Blanc moelleux,Val de Loire et Centre,Pinot Gris,2021,2034,3/5,,Mika,14/04/2023,0,,01/11/2023,3,"Chez Mathieu et Jess. Que Cécile et moi qui avons bu. Cécile a bien aimé même si demi-sec. Moi j'ai trouvé correct car pas trop sucré, mais pas non plus super"
Domaine Jean-Paul Paquet & Fils,2019,Pouilly Fuissé,Domaine Fussiacus Vieilles Vignes,,Blanc,Bourgogne,Chardonnay,2022,2034,4/5,"19,8",Salon,01/12/2021,0,0,"05/02/2022
06/04/2024","3,5
4","Avec Matthieu. Très correct mais j'avais un meilleur souvenir en salon
Avec Mika et Marine. On a tous bien aimé, même Mika qui n'est pas très blanc. Marine adore le Pouilly Fuissé"
Sylvie et Gilles Guerrin,2019,Pouilly Fuissé,Cuvée Maëlys,,Blanc,Bourgogne,Chardonnay,2022,2034,4/5,"24,5",Salon,23/11/2022,0,0,"10/05/2023
04/02/2024","4
4,5","Avec Maxence et Anaïs. Très bon
A la maison soirée vins grec mais blanc fançais. Top, un peu boisé. On a bien aimé"
Château Chasse-Spleen,2018,Moulis en Médoc,,,Rouge,Bordeaux,"Cabernet Sauvignon, Merlot, Petit Verdot",2022,2033,5/5,"31,5",Auchan FAV,20/09/2021,1,"31,5",,,
Gérard Seguin,2018,Gevrey - Chambertin,Vieilles Vignes,,Rouge,Bourgogne,Pinot Noir,2022,2033,3/5,"26,95",Auchan FAV,03/10/2020,1,"26,95",,,
Château Combarieu,2019,Cahors,Malbec,,Rouge,Sud Ouest,"Malbec, Merlot, Tannat",2024,2034,4/5,"6,8",Producteur,17/05/2025,0,0,28/07/2025,"1,5","Pas bon. Aucun intérêt, on dirait de la piquette"
Nuiton-Beaunoy,2018,Gevrey - Chambertin,,,Rouge,Bourgogne,Pinot Noir,2022,2033,3/5,"30,3",Producteur,29/11/2019,1,"30,3",,,
Nuiton-Beaunoy,2023,Chorey Lès Beaune,,,Rouge,Bourgogne,Pinot Noir,2026,2033,4/5,"20,3",Producteur,07/06/2025,1,"20,3",31/10/2025,4,Avec Papou et Nanou qui ne l'ont pas trouvé fou. Moi j'ai adoré. Sur un pot au feu
Château La Louvière,2016,Pessac - Léognan,,,Rouge,Bordeaux,"Cabernet Sauvignon, Merlot, Cabernet Franc",2020,2034,5/5,26,Auchan,10/08/2021,1,26,31/12/2021,"3,5",Nouvel an avec Chouch Mag Nico et Cécile. J'en avais un meilleur souvenir chez Dédé. Peut-être pas assez décanté
Domaine du Vieux Collège,2019,Fixin,Les Champs des Charmes,,Rouge,Bourgogne,Pinot Noir,2023,2034,4/5,"18,6",Auchan FAV,20/09/2021,1,"18,6",,,
Château d'Arcins,2015,Haut Médoc,,,Rouge,Bordeaux,"Cabernet Sauvignon, Merlot, Cabernet Franc",2020,2035,4/5,12,Nicolas,03/12/2020,0,,17/12/2022,3,Trop costaud à l'attaque. Ils disent de laisser aérer 2h avant et je pense que ce serait mieux. Sinon goût de haut médoc intéressant
Tardieu-Laurent,2019,Côte Rotie,Les Lauzières,,Rouge,Vallée du Rhône,"Syrah, Viognier",2023,2034,4/5,"27,6",Auchan FAV,20/09/2021,1,"27,6",,,
Château Eugénie,2019,Cahors,Réserve de l'Aïeul,,Rouge,Sud Ouest,"Malbec, Merlot, Tannat",2024,2034,4/5,16,Salon,29/11/2023,2,32,,,
Château Eugénie,2019,Cahors,Haute Collection,,Rouge,Sud Ouest,"Malbec, Merlot, Tannat",2024,2034,4/5,27,Salon,29/11/2023,2,54,,,
Château Haut-Fonrazade,2010,Saint Emilion Grand cru,Maison Carles,,Rouge,Bordeaux,"Merlot, Cabernet Franc, Cabernet Sauvignon",2014,2035,5/5,"19,9",Vente-Privée,03/03/2020,1,"19,9","02/08/2021
24/03/2023","4
4","Bu avec Cynthia. Cécile et moi avons beaucoup aimé. Ouvert 1h30 avant. Très bon accord avec roti de dinde forestier au lard
Avec mes parents sur un rôti au pruneau. Carafé 2h avant. Très bon"
Château Simard,2010,Saint Emilion Grand cru,,,Rouge,Bordeaux,"Merlot, Cabernet Franc, Cabernet Sauvignon",2014,2035,5/5,"19,5",Vente-Privée,18/02/2019,2,39,01/04/2020,"3,5",Bu après 4h de décantation. Correct mais un peu déçu pour un grand cru. Je préfère le Haut Fonrazade
Olivier,2016,Saint Nicolas de Bourgueil,Cuvée du Mont des Oliviers,,Rouge,Val de Loire et Centre,"Cabernet Franc, Cabernet Sauvignon",2020,2036,4/5,"9,6",Salon,02/12/2018,0,,"16/04/2020
29/04/2020","4
4","Bon Saint Nicolas. Je l'avais apprécié au salon, et je le trouve toujours bon plus d'un an après. Prix très correct
En confinement à la maison. Toujours bien. Léger et agréable"
Chateau Brown,2017,Pessac - Léognan,,,Rouge,Bordeaux,"Cabernet Sauvignon, Merlot, Cabernet Franc",2021,2035,3/5,"21,95",Auchan FAV,02/10/2019,1,"21,95",,,
Louis Jadot,2021,Pouilly - Fuissé,,,Blanc,Bourgogne,Chardonnay,2024,2036,3/5,33,Leclerc,27/05/2023,0,0,27/03/2025,4,Avec Mika et Marine. Très bon
Domaine Alain Patriarche,2020,Meursault,Vieilles Vignes,,Blanc,Bourgogne,Chardonnay,2023,2035,4/5,31,Salon,20/03/2022,1,31,,,
Domaine Alain Patriarche,2020,Meursault,Les Tillets,,Blanc,Bourgogne,Chardonnay,2023,2035,4/5,35,Salon,20/03/2022,1,35,,,
Domaine Chopin Gautier,2017,Nuits Saint Georges,,,Rouge,Bourgogne,Pinot Noir,2021,2037,3/5,"22,5",Auchan FAV,02/10/2019,0,0,12/10/2024,4,"Avec Mika, Marine, Nico, Vangelis. Très bien surtout après le nuiton beaunoy bouchonné"
Nuiton-Beaunoy,2017,Nuits Saint Georges,,,Rouge,Bourgogne,Pinot Noir,2021,2037,3/5,"29,3",Producteur,29/11/2019,0,0,12/10/2024,0,Bouchonné
Shaw + Smith,2020,Syrah,Shiraz,,Rouge,"Adelaide Hills, Australie",Syrah,2024,2035,4/5,"29,5",Vinatis,29/12/2023,2,59,,,
Château Ferrande,2020,Graves,,,Rouge,Bordeaux,"Merlot, Cabernet Sauvignon, Cabernet Franc",2025,2035,5/5,11,Nicolas,14/04/2024,1,11,,,
Domaine Nudant,2021,Ladoix,Les Buis,Premier cru,Rouge,Bourgogne,Pinot Noir,2024,2036,2/5,33,Salon,29/11/2023,1,33,,,
Nuiton-Beaunoy,2021,Monthélie,,,Rouge,Bourgogne,Pinot Noir,2024,2036,2/5,"19,45",Domaine,27/05/2023,1,"19,45",,,
Domaine Nudant,2021,Vosne - Romanée,,,Rouge,Bourgogne,Pinot Noir,2025,2036,2/5,52,Salon,29/11/2023,1,52,,,
Château La Tour Carnet,2017,Haut Médoc,,Grand cru classé,Rouge,Bordeaux,"Cabernet Sauvignon, Merlot, Cabernet Franc",2022,2037,3/5,"26,25",Auchan FAV,07/10/2020,2,"52,5",,,
Château Latour-Martillac,2019,Pessac - Léognan,,Grand cru classé,Rouge,Bordeaux,"Cabernet Sauvignon, Merlot, Cabernet Franc",2023,2037,4/5,28,Valap Primeur,02/05/2022,6,168,,,
Nuiton-Beaunoy,2022,Morey - Saint Denis,Les Chaffots,Premier cru,Rouge,Bourgogne,Pinot Noir,2025,2037,4/5,"45,85",Producteur,07/06/2025,2,"91,7",,,
Château Combarieu,2022,Cahors,Ma passion Manu Pinto Malbec,,Rouge,Sud Ouest,"Malbec, Merlot, Tannat",2027,2037,5/5,14,Producteur,17/05/2025,1,14,,,
Château Pierhem,2009,Pomerol,,,Rouge,Bordeaux,"Merlot, Cabernet Franc, Petit Verdot",2014,2039,5/5,,Cadeau Faz,25/12/2020,0,,09/09/2023,0,"Soirée oenologie avec Mika, Claire, Nico, Vangélis et Cécile. Malheureusement ce vin avait tourné"
Château Cormeil-Figeac,2013,Saint Emilion Grand cru,,"
",Rouge,Bordeaux,"Merlot, Cabernet Franc, Cabernet Sauvignon",2017,2038,1/5,,Cadeau Interforum,27/06/2017,1,0,,,
Château Paveil de Luze,2014,Margaux,,Cru bourgeois,Rouge,Bordeaux,"Merlot, Cabernet Sauvignon, Cabernet Franc",2018,2039,3/5,"14,95",Super U,23/12/2017,0,,24/01/2021,4,Bu avec Mika et Marine et un poulet roti aux pommes de terre. Très bon. Avait été carafé 2h avant et c'était nécessaire. Très adapaté à ce plat
Domaine Amirault,2018,Saint Nicolas de Bourgueil,Les Gravilices,,Rouge,Val de Loire et Centre,"Cabernet Franc, Cabernet Sauvignon",2022,2038,5/5,"13,95",Salon,20/03/2022,1,"13,95",02/01/2023,"2,5","Avec Cécile, sur une paupiette de veau. Il semble avoir vieillit trop vite, je lui trouve un goût de champignon. Cécile voit du cranberries"
Vieux Château Perey,2014,Saint Emilion Grand cru,,"
",Rouge,Bordeaux,"Merlot, Cabernet Franc, Cabernet Sauvignon",2018,2039,3/5,"9,5",Vente-Privée,20/06/2018,0,0,"11/08/2019
22/04/2020
23/03/2022
12/07/2023
31/12/2023
13/01/2024","3
3,5
4
3,5
2
3","Peu de longueur en bouche mais vin correcte. Tanins un peu astreingeant mais meilleur le lendemain. Légère acidité qui pourrait indiquer une garde plus prolongée
Je l'ai préféré à la dernière fois. On reconnait le saint émilion. Pas trop de longueur mais correct quand même. Bien aérer au moins 2h avant de la boire.
Bon goût mais un peu trop acide. Cécile n'aime pas trop, moi j'ai aimé en mangeant. Meilleur qu'à mes souvenirs
Très correct mais manque de caractère, Tout seul pour vider la cave. Avec une quiche lorraine donc pas adapté
Nouvel an en Bourgogne. Il a viré au champignon. Je n'aime pas ce type de vin
Pour finir suite à la dernière bouteille ratée. Toujours sur le déclein mais un peu moins champignon. Il n'est pas trop mal mais temps de le finir"
Pierre Desroches,2023,Pouilly - Fuissé,Au Vignerais,Premier Cru,Blanc,Bourgogne,Chardonnay,2026,2038,5/5,22,Salon,27/11/2024,2,44,,,
Nuiton-Beaunoy,2023,Fixin,,,Blanc,Bourgogne,Chardonnay,2027,2038,5/5,"27,7",Producteur,07/06/2025,2,"55,4",,,
Pierre Maizière,2023,Gevrey - Chambertin,,,Rouge,Bourgogne,Pinot Noir,2027,2038,4/5,"30,9",FAV Monoprix,28/09/2025,1,"30,9",,,
Vincent Charache,2023,Pernand - Vergelesses,Les Belles Filles,,Rouge,Bourgogne,Pinot Noir,2027,2038,4/5,25,Salon,23/03/2025,2,50,,,
Château Grand Ormeau,2015,Lalande de Pomerol,,,Rouge,Bordeaux,"Merlot, Cabernet Franc",2020,2040,4/5,,Cadeau Mika,19/12/2020,0,0,06/04/2024,"4,5","Avec Mika et Marine, très bon, on a tous beaucoup aimé"
Château Grand Corbin,2014,Saint Emilion Grand cru,,Grand cru classé,Rouge,Bordeaux,"Merlot, Cabernet Franc, Cabernet Sauvignon",2018,2039,3/5,19,Vente-Privée,12/04/2018,1,19,"22/05/2020
24/07/2025","4
3,5","En week-end avec Mika et Marine à Pontault-Combault. J'ai été légèrement déçu pour un grand cru classé. Mika a aimé. Il est bon mais pas assez long en bouche
Tout seul. Correct mais rien d'exceptionnel pour un grand cru classé"
Thomas Barton,2014,Saint Julien,Réserve,,Rouge,Bordeaux,"Cabernet Sauvignon, Cabernet Franc, Merlot",2018,2039,3/5,,Cadeau Interforum,27/06/2017,1,0,,,
Château Chevrol Bel-Air,2014,Lalande de Pomerol,,,Rouge,Bordeaux,"Merlot, Cabernet Franc, Cabernet Sauvignon",2019,2039,3/5,,Nicolas,12/10/2019,1,0,,,
Vrai Canon Bouché,2019,Canon - Fronsac,,,Rouge,Bordeaux,"Merlot, Cabernet Franc, Cabernet Sauvignon",2023,2039,4/5,18,Valap Primeur,02/05/2022,6,108,,,
Château La Bridane,2015,Saint Julien,,,Rouge,Bordeaux,"Cabernet Sauvignon, Cabernet France, Merlot",2019,2040,4/5,35,Salon,23/03/2025,1,35,05/04/2025,4,"Avec Mehdi, on a beaucoup aimé"
Château Paveil de Luze,2015,Margaux,,Cru bourgeois,Rouge,Bordeaux,"Merlot, Cabernet Sauvignon, Cabernet Franc",2019,2040,4/5,"22,39",Monoprix FAV,03/10/2020,1,"22,39",28/09/2024,4,Avec Jess. Carafé 1h avant. Très bon
Nuiton-Beaunoy,2020,Corton,Les Maréchaudes,Grand cru,Rouge,Bourgogne,Pinot Noir,2024,2040,4/5,"73,5",Domaine,27/05/2023,1,"73,5",,,
Nuiton-Beaunoy,2017,Pommard,,,Rouge,Bourgogne,Pinot Noir,2022,2042,3/5,"26,2",Producteur,29/11/2019,0,0,"30/06/2023
27/03/2025","4
3,5","Anniversaire de Cécile avec Mathieu Jess, Nico et Vangélis. On n'a tous beaucoup aimé. Une petite raideur sur la fin qui passera peut être avec 1 ou 2 ans de plus
Avec Mika et Marine. J'ai trouvé qu'il était sur le déclin"
Château d'Arsac,2016,Margaux,,Cru bourgeois,Rouge,Bordeaux,"Merlot, Cabernet Sauvignon, Cabernet Franc",2020,2041,5/5,"17,9",Auchan FAV,02/10/2019,1,"17,9",02/10/2019,4,Très bon. Sera sûrement parfait avec quelques années en plus. A racheter. Les tanins sont légers et le vin s'associe parfaitement au fromage
Château Tour des Termes,2013,Saint Estèphe,,,Rouge,Bordeaux,"Cabernet Sauvignon, Merlot, Cabernet Franc",2017,2043,1/5,,Cadeau Interforum,27/06/2017,0,,14/04/2023,"3,5",Avec Mika. Correct mais sans plus. Certainement qu'il aurait meilleur un peu plus tôt
Domaine Nudant,2021,Nuits Saint Georges,,,Rouge,Bourgogne,Pinot Noir,2025,2041,2/5,37,Salon,29/11/2023,1,37,,,
Château Lynch-Bages,2017,Pauillac,Echo de Lynch-Bages,,Rouge,Bordeaux,"Cabernet Sauvignon, Merlot, Cabernet Franc",2021,2042,3/5,"32,95",Auchan FAV,02/10/2019,1,"32,95",,,
Château Moulin Delille,2014,Saint Estèphe,,,Rouge,Bordeaux,"Cabernet Sauvignon, Merlot, Cabernet Franc",2018,2044,3/5,,Monoprix,10/12/2017,0,,15/09/2021,,Avec Jessie et Cécile. Pas super. Pas trop de corps et semble un peu vert alors que millésime 2014
Château Mazeyres,2014,Pomerol,,,Rouge,Bordeaux,"Merlot, Cabernet Franc, Petit Verdot",2019,2044,3/5,"19,5",Vente-Privée,18/02/2019,0,,"09/06/2019
23/07/2021","4
3,5","Une cassée dans la cave et une bue car goulot fêlé. Très bonne. Mérite de vieillir.
Soirée Oenologie à Garches. Moins aimé que la dernière fois. Correct mais on aurait dû ouvrir la bouteille avant. Cécile et Marine ont aimé."
Château Prieuré-Lichine,2017,Margaux,,Grand cru,Rouge,Bordeaux,"Merlot, Cabernet Sauvignon, Cabernet Franc",2021,2042,3/5,"19,95",Auchan FAV,10/10/2019,1,"19,95",,,"Erreur d'étiquetage. 33,5€ à la base"
Château Sanctus,2017,Saint Emilion Grand cru,La Bienfaisance,,Rouge,Bordeaux,"Merlot, Cabernet Sauvignon, Cabernet Franc",2021,2042,3/5,"18,5",Monoprix FAV,03/10/2020,2,37,25/10/2023,4,Tanins fondus mais bien présents. Fruité et puissant. Pas mal du tout
Château Talbot,2017,Saint Julien,Connétable,,Rouge,Bordeaux,"Cabernet Sauvignon, Cabernet Franc, Merlot",2021,2042,3/5,"22,5",Auchan FAV,10/10/2019,1,"22,5",,,
Château Léo de Prades,2015,Saint Estèphe,,,Rouge,Bordeaux,"Cabernet Sauvignon, Merlot, Cabernet Franc",2019,2045,4/5,"12,5",Auchan FAV,03/10/2019,0,,"05/10/2019
26/12/2019","4
3,5","Avec Mika et Cécile pour annoncer notre mariage. Mis au frigo un peu avant, puis carafé une bonne heure. On a beaucoup aimé avec du fromage. Tanins peu prononcés
Pour noël avec la famille de Cécile. Sans plus surtout après le chateau haut coteau. Surnoté la première fois à mon sens. Mais cette fois ci, bu direct après ouverture"
Virely Arcelain,2017,Pommard,,,Rouge,Bourgogne,Pinot Noir,2022,2042,3/5,26,Salon,24/03/2019,1,26,,,
Amirault Grosbois,2022,Saint Nicolas de Bourgueil,Les Hauts Gagnés,,Rouge,Val de Loire et Centre,"Cabernet Franc, Cabernet Sauvignon",2026,2042,4/5,"15,9",FAV Monoprix,13/09/2025,1,"15,9",,,
Château Paveil de Luze,2018,Margaux,,Cru bourgeois,Rouge,Bordeaux,"Merlot, Cabernet Sauvignon, Cabernet Franc",2022,2043,5/5,"23,9",FAV Monoprix,13/09/2025,1,"23,9",,,
Alexandre Sirech,2018,Lalande de Pomerol,La Closerie de Lalande,,Rouge,Bordeaux,"Merlot, Cabernet Franc",2023,2043,4/5,"14,9",Valap,16/01/2020,7,"104,3","18/01/2020
25/06/2022
16/09/2023
04/10/2024","3,5
4","12 au prix de 6 car Valap s'est trompé dans la livraison. Semble prometteur mais trop jeune; Odeur d'herbe sauvage, j'aime bien, mais pour le moment, trop d'amertume
1 offert à Monique et Constant pour leur accueil
Tout seul pour voir l'avancée. Encore un peu trop acide donc je pense qu'il doit encore vieillir. Par contre tiens bien le coup sur un cassoulet
Avec Jess. Correct mais pas trop de longueur en bouche
Avec Claire. On a beaucoup aimé. Carafé 2 heures avant"
Jean-Claude Fabris,2018,Lalande de Pomerol,Domaine du Petit-Brouard,,Rouge,Bordeaux,"Merlot, Cabernet Franc",2023,2043,4/5,15,Salon,03/12/2023,2,30,,,
Clos René,2016,Pomerol,,,Rouge,Bordeaux,"Merlot, Cabernet Franc, Petit Verdot",2021,2046,5/5,"29,95",Auchan FAV,02/10/2019,0,,09/09/2023,4,Soirée oenologie avec Mika Claire Nico Vangélis et Cécile. Bon Pomerol même si j'en ai gouté des meilleurs
Valap,2019,Pauillac,,,Rouge,Bordeaux,"Cabernet Sauvignon, Merlot, Cabernet Franc",2023,2044,4/5,"24,9",Valap,26/08/2021,5,"124,5",07/03/2025,4,Avec Mika et Marine. J'ai beaucoup aimé. Je pense qu'il est très prometteur
Nuiton-Beaunoy,2019,Pommard,,,Rouge,Bourgogne,Pinot Noir,2024,2044,4/5,"31,8",Domaine,27/05/2023,1,"31,8",,,
Château Haut Coteau,2015,Saint Estèphe,,,Rouge,Bordeaux,"Cabernet Sauvignon, Merlot, Cabernet Franc",2019,2045,4/5,22,"Salon (2)
Web (6)","24/03/2019
31/01/2020",3,66,"12/10/2019
26/12/2019
08/02/2020
22/10/2021
01/11/2023","4,5
4,5
4
4
","Crémaillère Manu. Très bon mais après un petit passage par une carafe. Il a fait l'unanimité.
Pour noël avec la famille de Cécile. Il a encore fait l'unanimité. A racheter au prochain salon
Avec mes parents. Un peu déçu, pas eux. Mais je l'ai trouvé un cran en dessous des précédents. A garder au moins 5/10 ans encore
Avec Jessie et Matthieu. Toujours aussi sympa
Une offerte à Matthieu et Jess"
Château Mazeyres,2015,Pomerol,,,Rouge,Bordeaux,"Merlot, Cabernet Franc, Petit Verdot",2020,2045,4/5,"23,3",BazarChic,07/02/2020,2,"46,6",05/02/2022,4,Avec Matthieu. Très bien car carafé 2h avant
Nuiton-Beaunoy,2020,Pommard,Les Chanlins-Bas,Premier cru,Rouge,Bourgogne,Pinot Noir,2025,2045,4/5,"40,4",Domaine,27/05/2023,1,"40,4",,,
Château Laffite-Carcasset,2016,Saint Estèphe,,Cru bourgeois,Rouge,Bordeaux,"Cabernet Sauvignon, Merlot, Cabernet Franc",2020,2046,5/5,"19,9",Vinatis,29/12/2023,2,"39,8",,,
Château Serilhan,2016,Saint Estèphe,,,Rouge,Bordeaux,"Cabernet Sauvignon, Merlot, Cabernet Franc",2020,2046,5/5,"21,8",Vinatis,29/05/2021,1,"21,8",11/07/2021,4,"Avec Fred et Mel. Fred a beaucoup aimé, Cécile et moi aussi. Peut-être un peu trop léger, mais vraiment bon"
Château Bel-Air,2016,Pomerol,Château L'Ermitage de Bel-Air,,Rouge,Bordeaux,"Merlot, Cabernet Franc, Petit Verdot",2021,2046,5/5,,Cadeau Claire,10/09/2021,1,0,,,
Château Branaire-Ducru,2021,Saint Julien,,Grand cru classé,Rouge,Bordeaux,"Cabernet Sauvignon, Cabernet Franc, Merlot",2025,2046,,"44,16",Valap,07/03/2024,6,"264,96",,,
Bénéjou,,Vin de France,,,Rosé,Sud Ouest,,,,,"6,5",Marché,15/02/2020,0,,28/02/2020,3,"Bu avec Cécile. Finalement, j'avais préféré au marché. Un arrière goût plutôt amer. Ne pas racheter."
Billecart-Salmon,,Champagne,Brut Réserver,,Blanc effervescent,Champagne,,,,,,Cadeau Coyote,04/01/2021,0,,30/06/2023,"4,5","Anniversaire de Cécile avec Jess Mathieu, Nico et Vangélis. On l'a trouvé très bon"
Casa de Vila Nova,2017,Vinho Verde,,,Blanc,Rios do Minho,,,,,,,25/01/2019,0,,"21/12/2019
31/01/2020
27/02/2020","
4
4","Soirée chez Véro et Jay avec Vaness et Vinvin. Je n'y ai pas gouté
Très bien pour un Vino Verde
Bu avec Cécile. Passe toujours très bien"
Casa de Vila Nova,2018,Vinho Verde,,,Blanc,Rios do Minho,,,,,,,21/12/2019,0,,"20/03/2020
21/04/2023
17/07/2023","4
4
4","Bon Vinho verde
Bien pour un Vinho verde
Avec Cécile pour l'apéro"
Casa Ferreirinha,2015,Douro,Callabriga,,Rouge,Vallée de Douro,"Touriga Franca, Touriga National, Tinta Roriz",,,5/5,"19,75",Epicerie,10/05/2019,0,0,10/05/2025,"3,5",Très correct. Apéro avec Cécile
Château La Bridane,2022,Saint Julien,,,Rouge,Bordeaux,"Cabernet Sauvignon, Cabernet France, Merlot",2026,2047,5/5,26,Salon,23/03/2025,2,52,,,
Château Haut-Tellas,,Bordeaux,Rosé Pirate,,Rosé,Bordeaux,"Merlot, Cabernet Sauvignon",,,,12,Marché,22/09/2024,0,0,28/06/2025,"2,5",Trop sec et pas assez fruité/sucré pour moi.
Damoiselles Fricot,,Champagne,,,Blanc effervescent,Champagne,,,,,,Marché,16/11/2019,0,,"18/08/2019
14/06/2021
31/12/2021","5
5
4","Toujours aussi bon. Pour fêter ma demande en marriage faite le 16/08/2019
Pour fêter la signature de l'appartement pour que je récupère les 30%
Nouvel an avec Chouch Mag Nico et Cécile. J'ai moins aimé que d'habitude. Je pense que ceux de Véro et Jay sont un cran au dessus"
Alexandre Sirech,2018,Saint Estèphe,,,Rouge,Bordeaux,"Cabernet Sauvignon, Merlot, Cabernet Franc",2022,2048,4/5,"19,9",Valap,19/05/2020,5,"99,5",16/11/2024,4,Tout seul pour goûter. A carafer avant. Bon mais assez puissant
El Enemigo,2016,Cabernet Franc,,,Rouge,"Mendoza, Argentine",Cabernet Franc,,,,,Cadeau Mika,19/12/2020,0,,23/07/2021,4,"Soirée Oenologie à Garches. Notre vin rouge préféré. Très épicé, Accroche légère mais reste bien en bouche."
Forget Chemin,,Champagne,Carte Blanche,,Blanc effervescent,Champagne,,,,,,Cadeau Marion,24/07/2022,0,,08/01/2023,"3,5",Pour l'anniversaire / galette chez Chouch
Château Saint Estèphe,2019,Saint Estèphe,,,Rouge,Bordeaux,"Cabernet Sauvignon, Merlot, Cabernet Franc",2023,2049,4/5,23,Salon,20/03/2022,2,46,,,
Fricot Marbella-Dubost,,Champagne,M de Marianne Blanc de Noirs,,Blanc effervescent,Champagne,,,,,,Marché,,0,,"08/09/2019
12/10/2019","3,5","Anniversaire Mel. J'ai été déçu car je ne le trouvais pas assez fruité. Il reste bon, mais je préfère grandement le damoiselle fricot
Crémaillère Manu"
Fricot Marbella-Dubost,,Champagne,Blanc de Blanc,,Blanc effervescent,Champagne,,,,,,Marché,,0,,30/06/2021,"3,5",Anniversaire de Cécile. Bon champagne mais je préfère les demoiselles de Fricot
Il Colle,,Prosecco,Treviso Brut,,Blanc effervescent,Prosecco,,,,,,Nysa,30/06/2021,0,,02/04/2022,"3,5","Anniversaire de Claire D. Correct, mais je m'attendais à mieux d'un caviste"
Klein Constantia,2021,Sauvignon,,,Blanc,"Constantia, Afrique du Sud",Sauvignon Blanc,,,4/5,"14,3",Vinatis,29/12/2023,0,0,"27/01/2024
30/08/2024","2,5
2,5","Au ski avec les mecs. Pas mauvais dans l'absolu, mais un peu sucré donc pas à notre goût. Personne n'a aimé.
Avec les parents de Cécile. Michel n'a pas aimé, et moi pas trop non plus"
Château Grand Beausejour,2019,Pomerol,,,Rouge,Bordeaux,"Merlot, Cabernet Franc, Petit Verdot",2024,2049,4/5,48,Salon,20/03/2022,2,96,,,Plus une offerte pour l'anniversaire de Claire
Pascal Fricot,,Champagne,Damoiselles,,Blanc effervescent,Champagne,"Chardonnay, Pinot Noir",,,,21,Marché,22/09/2024,0,0,"23/11/2024
29/12/2024
26/04/2025","4
4
4","Amenée chez Véro & Jay
Chez Math & Jess
Chez Math & Jess pour les 40 ans de Math"
Château Le Boscq,2020,Saint Estèphe,,,Rouge,Bordeaux,"Cabernet Sauvignon, Merlot, Cabernet Franc",2024,2050,5/5,"22,44",Valap,13/02/2023,6,"134,64",,,
Pierre Trichet,,Champagne,L'authentique,Premier cru,Blanc effervescent,Champagne,,,,,,Producteur,23/02/2019,0,,15/04/2022,,Apporté chez Math et Jess. On ne l'a pas bu
Pierre Trichet,,Champagne,L'Héritage Blanc de Blanc,Premier cru,Blanc effervescent,Champagne,,,,,,Producteur,17/07/2022,0,,"23/04/2022
30/06/2022","4
4,5","Avec Cécile en weekend honfleur amoureux. Fin et aérien. Vraiment pas mal mais peut être un peu trop sucré
Bu un héritage avec Math et Jess pour anniv Cécile. Très bon"
Pierre Trichet,,Champagne,Secret d'Or,,Blanc effervescent,Champagne,,,,,,Producteur,"23/02/2019
17/07/2022",0,,"05/10/2019
24/12/2022
23/12/2023","4
4,5
4","Avec Mika et Cécile pour annoncer notre mariage. Très bon champagne.
A noël avec mes parents qui l'ont bien aimé alors qu'ils n'aiment pas le blanc de blanc en principe
Offert à Noël aux parents de Cécile. On l'a tous bu ensemble. J'ai bien aimé mais un peu moins que la fois précédente, et les parents l'ont trouvé trop puissant"
Château Grand Beausejour,2021,Pomerol,,,Rouge,Bordeaux,"Merlot, Cabernet Franc, Petit Verdot",2026,2051,3/5,49,Salon,29/11/2023,2,98,,,
Daniel Mouty,2022,Pomerol,Clos Saint-André,,Rouge,Bordeaux,"Merlot, Cabernet Franc, Petit Verdot",2027,2052,5/5,37,Salon,27/11/2024,2,74,,,
Barão de Vilar,2021,Douro,Vilarissa Valley,,Rouge,Vallée de Douro,"Touriga Franca, Touriga National, Tinta Roriz",,,4/5,,Cadeau Paolo,25/12/2023,2,0,,,
Casa Ferreirinha,2016,Douro,Vinha Grande,,Rouge,Vallée de Douro,"Touriga Franca, Touriga National, Tinta Roriz",,,4/5,"10,95",Epicerie,10/05/2019,1,"10,95",,,
Domaine du Cardona,2017,Moretum,Vieilli en Fût,,Rouge,Languedoc Roussillon,,,,,"15,9",Mont Saint-Michel,20/04/2024,1,"15,9",,,
François Weck,,Crémant d'Alsace,Cuvée St Pantaléon,,Blanc effervescent,Alsace,"Pinot Blanc, Auxerrois, Pinot Gris",,,,"11,2",Marché,22/09/2024,1,"11,2",21/02/2025,"2,5","Avec les parents de Cécile. Pas terrible, trop brut, ne pas racheter"
l'Amiral,,Minervois,Trésor d'Etoiles Fuchsia,,Orange,Languedoc Roussillon,,,,,24,,"16/11/2019
24/05/2020",1,24,25/12/2019,"4,5",En famille à Renne. Ressemble à un vin cuit sucré (type porto). Parfait avec un foie gras.
Pascal Fricot,,Champagne,Damoiselles,,Blanc effervescent,Champagne,"Chardonnay, Pinot Noir",,,,"21,5",Marché,17/05/2025,4,86,02/08/2025,"4,5",Chez Ada et Stef
Pierre Trichet,,Champagne,La puissance Blanc de Noirs,Grand cru,Blanc effervescent,Champagne,,,,,,Producteur,23/02/2019,1,0,17/03/2024,"4,5",Avec mes parents pour l'annonce de bébé. Nous l'avons vraiment adoré
Pierre Trichet,,Champagne,Le caractère Blanc de Noirs,Premier cru,Blanc effervescent,Champagne,,,,,,Producteur,17/07/2022,1,0,,,